-- MySQL dump 10.13  Distrib 8.0.19, for Win64 (x86_64)
--
-- Host: localhost    Database: dance
-- ------------------------------------------------------
-- Server version	5.5.5-10.4.24-MariaDB

/*!40101 SET @OLD_CHARACTER_SET_CLIENT=@@CHARACTER_SET_CLIENT */;
/*!40101 SET @OLD_CHARACTER_SET_RESULTS=@@CHARACTER_SET_RESULTS */;
/*!40101 SET @OLD_COLLATION_CONNECTION=@@COLLATION_CONNECTION */;
/*!50503 SET NAMES utf8mb4 */;
/*!40103 SET @OLD_TIME_ZONE=@@TIME_ZONE */;
/*!40103 SET TIME_ZONE='+00:00' */;
/*!40014 SET @OLD_UNIQUE_CHECKS=@@UNIQUE_CHECKS, UNIQUE_CHECKS=0 */;
/*!40014 SET @OLD_FOREIGN_KEY_CHECKS=@@FOREIGN_KEY_CHECKS, FOREIGN_KEY_CHECKS=0 */;
/*!40101 SET @OLD_SQL_MODE=@@SQL_MODE, SQL_MODE='NO_AUTO_VALUE_ON_ZERO' */;
/*!40111 SET @OLD_SQL_NOTES=@@SQL_NOTES, SQL_NOTES=0 */;

--
-- Table structure for table `activities`
--

DROP TABLE IF EXISTS `activities`;
/*!40101 SET @saved_cs_client     = @@character_set_client */;
/*!50503 SET character_set_client = utf8mb4 */;
CREATE TABLE `activities` (
  `id` int(10) unsigned NOT NULL AUTO_INCREMENT,
  `subject_id` int(11) NOT NULL,
  `subject_type` varchar(191) COLLATE utf8mb4_unicode_ci NOT NULL,
  `name` varchar(191) COLLATE utf8mb4_unicode_ci NOT NULL,
  `user_id` int(11) NOT NULL,
  `created_at` timestamp NULL DEFAULT NULL,
  `updated_at` timestamp NULL DEFAULT NULL,
  PRIMARY KEY (`id`),
  KEY `activities_subject_id_index` (`subject_id`),
  KEY `activities_subject_type_index` (`subject_type`),
  KEY `activities_user_id_index` (`user_id`)
) ENGINE=InnoDB AUTO_INCREMENT=135 DEFAULT CHARSET=utf8mb4 COLLATE=utf8mb4_unicode_ci;
/*!40101 SET character_set_client = @saved_cs_client */;

--
-- Dumping data for table `activities`
--

LOCK TABLES `activities` WRITE;
/*!40000 ALTER TABLE `activities` DISABLE KEYS */;
INSERT INTO `activities` VALUES (1,3,'App\\Models\\Comment','created_comment',1,'2018-08-16 07:51:17','2018-08-16 07:51:17'),(2,14,'App\\Models\\Song','created_song',1,'2018-08-16 11:38:42','2018-08-16 11:38:42'),(3,15,'App\\Models\\Song','created_song',1,'2018-08-16 12:04:05','2018-08-16 12:04:05'),(4,16,'App\\Models\\Song','created_song',1,'2018-08-17 07:25:42','2018-08-17 07:25:42'),(5,4,'App\\Models\\Comment','created_comment',1,'2018-08-17 13:19:43','2018-08-17 13:19:43'),(6,17,'App\\Models\\Song','created_song',1,'2018-08-20 12:41:42','2018-08-20 12:41:42'),(7,5,'App\\Models\\Comment','created_comment',1,'2018-08-21 07:26:13','2018-08-21 07:26:13'),(8,6,'App\\Models\\Comment','created_comment',1,'2018-08-21 14:38:06','2018-08-21 14:38:06'),(9,262,'App\\Models\\Step','created_step',1,'2018-08-22 11:10:47','2018-08-22 11:10:47'),(10,4,'DevDojo\\Chatter\\Models\\Discussion','created_discussion',1,'2018-08-22 13:01:12','2018-08-22 13:01:12'),(11,263,'App\\Models\\Step','created_step',1,'2018-08-23 06:27:30','2018-08-23 06:27:30'),(15,264,'App\\Models\\Step','created_step',1,'2018-08-23 14:06:44','2018-08-23 14:06:44'),(16,265,'App\\Models\\Step','created_step',1,'2018-08-23 14:09:35','2018-08-23 14:09:35'),(18,266,'App\\Models\\Step','created_step',1,'2018-08-23 14:17:08','2018-08-23 14:17:08'),(19,267,'App\\Models\\Step','created_step',1,'2018-08-23 14:19:56','2018-08-23 14:19:56'),(20,243,'App\\Models\\Step','updated_step',1,'2018-08-24 13:32:40','2018-08-24 13:32:40'),(21,17,'App\\Models\\Dance','created_dance',1,'2018-08-26 10:52:58','2018-08-26 10:52:58'),(22,18,'App\\Models\\Song','created_song',1,'2018-08-26 11:33:34','2018-08-26 11:33:34'),(23,19,'App\\Models\\Song','created_song',1,'2018-08-26 11:34:44','2018-08-26 11:34:44'),(24,20,'App\\Models\\Song','created_song',1,'2018-08-26 11:35:05','2018-08-26 11:35:05'),(25,21,'App\\Models\\Song','created_song',1,'2018-08-26 11:35:29','2018-08-26 11:35:29'),(26,22,'App\\Models\\Song','created_song',1,'2018-08-26 11:35:54','2018-08-26 11:35:54'),(27,268,'App\\Models\\Step','created_step',1,'2018-08-26 12:35:39','2018-08-26 12:35:39'),(28,269,'App\\Models\\Step','created_step',1,'2018-08-26 12:43:49','2018-08-26 12:43:49'),(29,23,'App\\Models\\Song','created_song',1,'2018-08-26 14:36:39','2018-08-26 14:36:39'),(30,18,'App\\Models\\Dance','created_dance',1,'2018-08-26 21:43:53','2018-08-26 21:43:53'),(31,270,'App\\Models\\Step','created_step',1,'2018-08-26 21:44:34','2018-08-26 21:44:34'),(32,24,'App\\Models\\Song','created_song',1,'2018-08-26 21:48:53','2018-08-26 21:48:53'),(33,271,'App\\Models\\Step','created_step',1,'2018-08-27 06:11:14','2018-08-27 06:11:14'),(34,272,'App\\Models\\Step','created_step',1,'2018-08-27 06:12:29','2018-08-27 06:12:29'),(35,273,'App\\Models\\Step','created_step',1,'2018-08-27 06:17:25','2018-08-27 06:17:25'),(36,274,'App\\Models\\Step','created_step',1,'2018-08-27 06:22:09','2018-08-27 06:22:09'),(37,275,'App\\Models\\Step','created_step',1,'2018-08-27 06:23:58','2018-08-27 06:23:58'),(38,25,'App\\Models\\Song','created_song',1,'2018-08-27 06:59:43','2018-08-27 06:59:43'),(39,276,'App\\Models\\Step','created_step',1,'2018-08-28 12:16:17','2018-08-28 12:16:17'),(40,19,'App\\Models\\Dance','created_dance',1,'2018-08-28 12:26:20','2018-08-28 12:26:20'),(41,277,'App\\Models\\Step','created_step',1,'2018-08-28 12:27:50','2018-08-28 12:27:50'),(42,278,'App\\Models\\Step','created_step',1,'2018-08-28 12:31:02','2018-08-28 12:31:02'),(43,279,'App\\Models\\Step','created_step',1,'2018-08-28 12:33:21','2018-08-28 12:33:21'),(44,280,'App\\Models\\Step','created_step',1,'2018-08-29 05:37:29','2018-08-29 05:37:29'),(45,281,'App\\Models\\Step','created_step',1,'2018-08-29 05:39:41','2018-08-29 05:39:41'),(46,282,'App\\Models\\Step','created_step',1,'2018-08-29 05:41:08','2018-08-29 05:41:08'),(47,283,'App\\Models\\Step','created_step',1,'2018-08-29 05:42:26','2018-08-29 05:42:26'),(48,284,'App\\Models\\Step','created_step',1,'2018-08-29 05:43:58','2018-08-29 05:43:58'),(49,285,'App\\Models\\Step','created_step',1,'2018-08-29 05:47:04','2018-08-29 05:47:04'),(50,286,'App\\Models\\Step','created_step',1,'2018-08-29 05:48:16','2018-08-29 05:48:16'),(51,287,'App\\Models\\Step','created_step',1,'2018-08-29 05:53:24','2018-08-29 05:53:24'),(52,288,'App\\Models\\Step','created_step',1,'2018-08-29 05:56:11','2018-08-29 05:56:11'),(53,289,'App\\Models\\Step','created_step',1,'2018-08-29 05:58:46','2018-08-29 05:58:46'),(54,290,'App\\Models\\Step','created_step',1,'2018-08-29 06:00:33','2018-08-29 06:00:33'),(55,291,'App\\Models\\Step','created_step',1,'2018-08-29 06:02:42','2018-08-29 06:02:42'),(56,292,'App\\Models\\Step','created_step',1,'2018-08-29 06:03:21','2018-08-29 06:03:21'),(57,293,'App\\Models\\Step','created_step',1,'2018-08-29 06:06:04','2018-08-29 06:06:04'),(58,294,'App\\Models\\Step','created_step',1,'2018-08-29 06:07:28','2018-08-29 06:07:28'),(59,26,'App\\Models\\Song','created_song',1,'2018-08-29 06:13:29','2018-08-29 06:13:29'),(60,276,'App\\Models\\Step','updated_step',1,'2018-08-29 07:18:33','2018-08-29 07:18:33'),(61,295,'App\\Models\\Step','created_step',1,'2018-08-29 07:36:21','2018-08-29 07:36:21'),(62,295,'App\\Models\\Step','updated_step',1,'2018-08-29 07:36:51','2018-08-29 07:36:51'),(63,295,'App\\Models\\Step','updated_step',1,'2018-08-29 08:08:02','2018-08-29 08:08:02'),(64,296,'App\\Models\\Step','created_step',1,'2018-08-29 08:35:29','2018-08-29 08:35:29'),(65,27,'App\\Models\\Song','created_song',1,'2018-08-30 06:22:51','2018-08-30 06:22:51'),(66,28,'App\\Models\\Song','created_song',1,'2018-08-30 06:25:13','2018-08-30 06:25:13'),(67,1,'DevDojo\\Chatter\\Models\\Discussion','updated_discussion',1,'2018-08-31 08:53:02','2018-08-31 08:53:02'),(68,29,'App\\Models\\Song','created_song',1,'2018-09-11 07:31:55','2018-09-11 07:31:55'),(69,30,'App\\Models\\Song','created_song',1,'2018-09-11 07:53:18','2018-09-11 07:53:18'),(70,31,'App\\Models\\Song','created_song',1,'2018-09-11 08:52:32','2018-09-11 08:52:32'),(71,20,'App\\Models\\Dance','created_dance',1,'2019-03-14 10:33:28','2019-03-14 10:33:28'),(72,297,'App\\Models\\Step','created_step',1,'2019-03-14 11:37:22','2019-03-14 11:37:22'),(73,298,'App\\Models\\Step','created_step',1,'2019-03-19 09:18:33','2019-03-19 09:18:33'),(74,299,'App\\Models\\Step','created_step',1,'2019-03-19 09:24:14','2019-03-19 09:24:14'),(75,300,'App\\Models\\Step','created_step',1,'2019-03-19 09:24:40','2019-03-19 09:24:40'),(76,301,'App\\Models\\Step','created_step',1,'2019-03-19 09:39:18','2019-03-19 09:39:18'),(77,302,'App\\Models\\Step','created_step',1,'2019-03-19 09:43:38','2019-03-19 09:43:38'),(78,303,'App\\Models\\Step','created_step',1,'2019-03-19 10:02:34','2019-03-19 10:02:34'),(79,304,'App\\Models\\Step','created_step',1,'2019-03-19 10:43:35','2019-03-19 10:43:35'),(80,32,'App\\Models\\Song','created_song',1,'2019-03-19 10:48:28','2019-03-19 10:48:28'),(81,305,'App\\Models\\Step','created_step',1,'2019-03-19 10:51:33','2019-03-19 10:51:33'),(82,306,'App\\Models\\Step','created_step',1,'2019-03-19 11:15:36','2019-03-19 11:15:36'),(83,307,'App\\Models\\Step','created_step',1,'2019-03-19 11:27:03','2019-03-19 11:27:03'),(84,308,'App\\Models\\Step','created_step',1,'2019-03-19 11:56:40','2019-03-19 11:56:40'),(85,309,'App\\Models\\Step','created_step',1,'2019-03-19 11:58:18','2019-03-19 11:58:18'),(86,33,'App\\Models\\Song','created_song',1,'2019-03-19 12:01:09','2019-03-19 12:01:09'),(87,34,'App\\Models\\Song','created_song',1,'2019-03-19 12:02:30','2019-03-19 12:02:30'),(88,21,'App\\Models\\Dance','created_dance',1,'2019-04-09 08:16:48','2019-04-09 08:16:48'),(89,310,'App\\Models\\Step','created_step',1,'2019-04-09 08:19:25','2019-04-09 08:19:25'),(90,311,'App\\Models\\Step','created_step',1,'2019-04-09 09:39:30','2019-04-09 09:39:30'),(91,312,'App\\Models\\Step','created_step',1,'2019-04-09 09:43:02','2019-04-09 09:43:02'),(92,313,'App\\Models\\Step','created_step',1,'2019-04-09 09:54:20','2019-04-09 09:54:20'),(93,314,'App\\Models\\Step','created_step',1,'2019-04-09 09:55:58','2019-04-09 09:55:58'),(94,315,'App\\Models\\Step','created_step',1,'2019-04-09 09:59:13','2019-04-09 09:59:13'),(95,316,'App\\Models\\Step','created_step',1,'2019-05-23 03:35:48','2019-05-23 03:35:48'),(96,317,'App\\Models\\Step','created_step',1,'2019-05-23 04:58:36','2019-05-23 04:58:36'),(97,318,'App\\Models\\Step','created_step',1,'2019-05-23 07:54:51','2019-05-23 07:54:51'),(98,319,'App\\Models\\Step','created_step',1,'2019-05-23 07:58:42','2019-05-23 07:58:42'),(99,320,'App\\Models\\Step','created_step',1,'2019-05-23 08:09:18','2019-05-23 08:09:18'),(100,320,'App\\Models\\Step','updated_step',1,'2019-05-23 08:10:28','2019-05-23 08:10:28'),(101,321,'App\\Models\\Step','created_step',1,'2019-05-24 02:30:32','2019-05-24 02:30:32'),(102,322,'App\\Models\\Step','created_step',1,'2019-06-10 04:31:45','2019-06-10 04:31:45'),(103,99,'App\\Models\\Step','updated_step',1,'2019-06-10 04:58:13','2019-06-10 04:58:13'),(104,323,'App\\Models\\Step','created_step',1,'2019-06-11 02:43:37','2019-06-11 02:43:37'),(105,324,'App\\Models\\Step','created_step',1,'2019-07-01 10:42:46','2019-07-01 10:42:46'),(106,325,'App\\Models\\Step','created_step',1,'2019-07-01 12:24:55','2019-07-01 12:24:55'),(107,326,'App\\Models\\Step','created_step',1,'2019-07-01 12:34:29','2019-07-01 12:34:29'),(108,327,'App\\Models\\Step','created_step',1,'2019-07-01 12:42:04','2019-07-01 12:42:04'),(109,328,'App\\Models\\Step','created_step',1,'2019-07-01 16:24:05','2019-07-01 16:24:05'),(110,29,'App\\Models\\Step','updated_step',1,'2019-09-06 08:27:24','2019-09-06 08:27:24'),(111,22,'App\\Models\\Dance','created_dance',1,'2019-09-11 05:10:10','2019-09-11 05:10:10'),(112,10,'App\\Models\\Dance','updated_dance',1,'2019-09-11 05:36:55','2019-09-11 05:36:55'),(113,143,'App\\Models\\Step','updated_step',1,'2019-09-11 05:48:04','2019-09-11 05:48:04'),(114,144,'App\\Models\\Step','updated_step',1,'2019-09-11 05:48:47','2019-09-11 05:48:47'),(115,154,'App\\Models\\Step','updated_step',1,'2019-09-11 05:50:55','2019-09-11 05:50:55'),(116,153,'App\\Models\\Step','updated_step',1,'2019-09-11 06:01:30','2019-09-11 06:01:30'),(117,155,'App\\Models\\Step','updated_step',1,'2019-09-11 06:08:52','2019-09-11 06:08:52'),(118,156,'App\\Models\\Step','updated_step',1,'2019-09-11 06:10:59','2019-09-11 06:10:59'),(119,10,'App\\Models\\Dance','updated_dance',1,'2019-09-11 06:14:16','2019-09-11 06:14:16'),(120,198,'App\\Models\\Step','updated_step',1,'2019-10-03 04:13:13','2019-10-03 04:13:13'),(121,145,'App\\Models\\Step','updated_step',1,'2019-10-03 05:28:33','2019-10-03 05:28:33'),(122,147,'App\\Models\\Step','updated_step',1,'2019-10-03 05:29:16','2019-10-03 05:29:16'),(123,149,'App\\Models\\Step','updated_step',1,'2019-10-03 05:36:11','2019-10-03 05:36:11'),(124,150,'App\\Models\\Step','updated_step',1,'2019-10-03 05:37:33','2019-10-03 05:37:33'),(125,321,'App\\Models\\Step','updated_step',1,'2019-10-03 05:39:32','2019-10-03 05:39:32'),(126,148,'App\\Models\\Step','updated_step',1,'2019-10-03 05:42:45','2019-10-03 05:42:45'),(127,146,'App\\Models\\Step','updated_step',1,'2019-10-03 05:43:26','2019-10-03 05:43:26'),(128,329,'App\\Models\\Step','created_step',1,'2019-11-18 11:29:48','2019-11-18 11:29:48'),(129,330,'App\\Models\\Step','created_step',1,'2019-11-18 11:36:41','2019-11-18 11:36:41'),(130,9,'App\\Models\\Comment','created_comment',1,'2023-08-29 17:33:53','2023-08-29 17:33:53'),(131,10,'App\\Models\\Comment','created_comment',1,'2023-08-29 17:34:32','2023-08-29 17:34:32'),(132,11,'App\\Models\\Comment','created_comment',1,'2023-08-29 17:35:01','2023-08-29 17:35:01'),(133,48,'App\\Models\\Step','updated_step',1,'2023-08-30 04:28:08','2023-08-30 04:28:08'),(134,48,'App\\Models\\Step','updated_step',1,'2023-08-30 04:58:28','2023-08-30 04:58:28');
/*!40000 ALTER TABLE `activities` ENABLE KEYS */;
UNLOCK TABLES;

--
-- Table structure for table `alternate_names`
--

DROP TABLE IF EXISTS `alternate_names`;
/*!40101 SET @saved_cs_client     = @@character_set_client */;
/*!50503 SET character_set_client = utf8mb4 */;
CREATE TABLE `alternate_names` (
  `id` int(10) unsigned NOT NULL AUTO_INCREMENT,
  `created_at` timestamp NULL DEFAULT NULL,
  `updated_at` timestamp NULL DEFAULT NULL,
  `deleted_at` timestamp NULL DEFAULT NULL,
  `name` varchar(191) COLLATE utf8mb4_unicode_ci NOT NULL,
  `parent_class` varchar(191) COLLATE utf8mb4_unicode_ci NOT NULL,
  `parent_id` int(11) NOT NULL,
  `created_by` int(10) unsigned DEFAULT NULL,
  `updated_by` int(10) unsigned DEFAULT NULL,
  `deleted_by` int(10) unsigned DEFAULT NULL,
  PRIMARY KEY (`id`)
) ENGINE=InnoDB AUTO_INCREMENT=67 DEFAULT CHARSET=utf8mb4 COLLATE=utf8mb4_unicode_ci;
/*!40101 SET character_set_client = @saved_cs_client */;

--
-- Dumping data for table `alternate_names`
--

LOCK TABLES `alternate_names` WRITE;
/*!40000 ALTER TABLE `alternate_names` DISABLE KEYS */;
INSERT INTO `alternate_names` VALUES (1,'2018-08-21 07:01:22','2018-08-21 07:01:22',NULL,'Son','Step',242,1,1,NULL),(2,'2018-08-21 07:02:08','2018-08-21 07:02:08',NULL,'Cubanita y Cubanito','Step',261,1,1,NULL),(3,'2018-08-21 07:22:59','2018-08-21 07:22:59',NULL,'Basic','Step',246,1,1,NULL),(4,'2018-08-21 07:23:07','2018-08-21 07:23:07',NULL,'Casino','Step',246,1,1,NULL),(5,'2018-08-21 07:27:32','2018-08-21 07:27:32',NULL,'(Rotational) Outside turn','Step',198,1,1,NULL),(6,'2018-08-21 07:28:14','2018-08-21 07:28:14',NULL,'Outside Turn','Step',184,1,1,NULL),(7,'2018-08-21 07:28:23','2018-08-21 07:28:23',NULL,'Basic Turn','Step',184,1,1,NULL),(8,'2018-08-21 07:29:31','2018-08-21 07:29:31',NULL,'Double breaks','Step',213,1,1,NULL),(9,'2018-08-21 07:30:06','2018-08-21 07:30:06',NULL,'Promenade Breaks','Step',222,1,1,NULL),(10,'2018-08-21 07:30:53','2018-08-21 07:30:53',NULL,'(Shag) Dips','Step',199,1,1,NULL),(11,'2018-08-21 07:32:34','2018-08-21 07:32:34',NULL,'Scoot-Backs','Step',227,1,1,NULL),(12,'2018-08-21 07:32:40','2018-08-21 07:32:40',NULL,'Scoots','Step',227,1,1,NULL),(13,'2018-08-21 07:33:24','2018-08-21 07:33:24',NULL,'6count Bunny Hops','Step',221,1,1,NULL),(14,'2018-08-21 07:34:52','2018-08-21 07:34:52',NULL,'Tuck Turn in Side by Side','Step',196,1,1,NULL),(15,'2018-08-21 07:35:31','2018-08-21 07:35:31',NULL,'Tuck Out Tuck in with a Turn','Step',196,1,1,NULL),(16,'2018-08-21 07:37:37','2018-08-21 07:37:37',NULL,'Upholds','Step',232,1,1,NULL),(17,'2018-08-21 07:37:48','2018-08-21 07:37:48',NULL,'The King and I','Step',232,1,1,NULL),(18,'2018-08-21 07:38:06','2018-08-21 07:38:06',NULL,'Polka Hop Turns','Step',232,1,1,NULL),(19,'2018-08-22 06:17:41','2018-08-22 06:17:41',NULL,'Shunts','Step',208,NULL,NULL,NULL),(20,'2018-08-22 06:17:50','2018-08-22 06:17:50',NULL,'Skip Basic','Step',208,NULL,NULL,NULL),(21,'2018-08-23 10:32:15','2018-08-23 10:32:15',NULL,'Boogie fronts','Step',63,1,1,NULL),(22,'2018-08-23 10:33:11','2018-08-23 10:33:11',NULL,'Reverse Jerk','Step',103,1,1,NULL),(23,'2018-08-23 10:33:19','2018-08-23 10:33:19',NULL,'J-Hook','Step',103,1,1,NULL),(24,'2018-08-23 14:01:54','2018-08-23 14:01:54',NULL,'The Frankie Pop','Step',80,1,1,NULL),(25,'2018-08-27 06:14:12','2018-08-27 06:14:12',NULL,'The back ocho','Step',272,1,1,NULL),(26,'2018-08-29 05:58:55','2018-08-29 05:58:55',NULL,'Grapevine','Step',289,1,1,NULL),(27,'2018-08-29 06:06:20','2018-08-29 06:06:20',NULL,'El Arrastre','Step',293,1,1,NULL),(28,'2018-08-29 06:06:33','2018-08-29 06:06:33',NULL,'Drag','Step',293,1,1,NULL),(29,'2018-08-29 06:07:35','2018-08-29 06:07:35',NULL,'Triple Drag','Step',294,1,1,NULL),(30,'2019-03-19 10:45:42','2019-03-19 10:45:42',NULL,'Simple basic','Step',297,1,1,NULL),(31,'2019-03-19 11:22:25','2019-03-19 11:22:25',NULL,'Apache Hug me','Step',306,1,1,NULL),(32,'2019-04-09 08:19:35','2019-04-09 08:19:35',NULL,'Cha cha','Step',310,1,1,NULL),(33,'2019-04-09 09:57:40','2019-04-09 09:57:40',NULL,'Basic Slow','Step',314,1,1,NULL),(34,'2019-05-23 08:00:58','2019-05-23 08:00:58',NULL,'23.05.2019','Step',319,1,1,NULL),(35,'2019-05-23 08:08:18','2019-05-23 08:08:18',NULL,'23.05.2019','Step',318,1,1,NULL),(36,'2019-05-23 08:13:07','2019-05-23 08:13:07',NULL,'23.05.2019','Step',320,1,1,NULL),(37,'2019-05-24 02:12:42','2019-05-24 02:12:42',NULL,'Barrel Turn','Step',319,1,1,NULL),(38,'2019-05-24 02:31:03','2019-05-24 02:31:03',NULL,'Vacilala','Step',321,1,1,NULL),(39,'2019-06-10 04:46:11','2019-06-10 04:46:11',NULL,'11.06.2019.','Step',322,1,1,NULL),(40,'2019-06-10 04:58:34','2019-06-10 04:58:34',NULL,'11.06.2019.','Step',99,1,1,NULL),(41,'2019-06-10 04:59:14','2019-06-10 04:59:14',NULL,'11.06.2019.','Step',319,1,1,NULL),(42,'2019-06-11 09:01:59','2019-06-11 09:01:59',NULL,'11.06.2019.','Step',323,1,1,NULL),(43,'2019-07-01 10:45:06','2019-07-01 10:45:06',NULL,'01.07','Step',324,1,1,NULL),(44,'2019-07-01 12:36:44','2019-07-01 12:36:44',NULL,'01.07.2019.','Step',326,1,1,NULL),(45,'2019-07-01 12:37:03','2019-07-01 12:37:03',NULL,'01.07.2019.','Step',325,1,1,NULL),(46,'2019-07-01 13:24:15','2019-07-01 13:24:15',NULL,'01.07.2019.','Step',327,1,1,NULL),(47,'2019-07-01 16:26:34','2019-07-01 16:26:34',NULL,'01.07.2019.','Step',328,1,1,NULL),(48,'2019-09-11 05:48:55','2019-09-11 05:48:55',NULL,'Dame','Step',144,1,1,NULL),(49,'2019-09-11 05:49:01','2019-09-11 05:49:01',NULL,'Nākamā','Step',144,1,1,NULL),(50,'2019-09-11 05:51:08','2019-09-11 05:51:08',NULL,'Enchufla','Step',154,1,1,NULL),(51,'2019-09-11 05:51:17','2019-09-11 05:51:17',NULL,'Aiz muguras','Step',154,1,1,NULL),(52,'2019-09-11 06:01:36','2019-09-11 06:01:36',NULL,'Cubanito, Cubanita','Step',153,1,1,NULL),(53,'2019-09-11 06:01:54','2019-09-11 06:01:54',NULL,'Dejotājs, Dejotāja','Step',153,1,1,NULL),(54,'2019-09-11 06:08:22','2019-09-11 06:08:22',NULL,'The cousin','Step',155,1,1,NULL),(55,'2019-09-11 06:08:29','2019-09-11 06:08:29',NULL,'Čaviņa','Step',155,1,1,NULL),(56,'2019-09-11 06:08:38','2019-09-11 06:08:38',NULL,'La Prima','Step',155,1,1,NULL),(57,'2019-09-11 06:10:37','2019-09-11 06:10:37',NULL,'Aiz muguras divreiz','Step',156,1,1,NULL),(58,'2019-09-11 06:10:46','2019-09-11 06:10:46',NULL,'Enchufla doble','Step',156,1,1,NULL),(59,'2019-10-03 05:28:42','2019-10-03 05:28:42',NULL,'Otrā','Step',145,1,1,NULL),(60,'2019-10-03 05:28:50','2019-10-03 05:28:50',NULL,'Dame dos','Step',145,1,1,NULL),(61,'2019-10-03 05:29:30','2019-10-03 05:29:30',NULL,'Iepriekšējā','Step',147,1,1,NULL),(62,'2019-10-03 05:29:51','2019-10-03 05:29:51',NULL,'Dame Arriba','Step',147,1,1,NULL),(63,'2019-10-03 05:36:26','2019-10-03 05:36:26',NULL,'Iekšējais grieziens','Step',149,1,1,NULL),(64,'2019-10-03 05:38:35','2019-10-03 05:38:35',NULL,'Vasīlijs','Step',321,1,1,NULL),(65,'2019-10-03 05:42:56','2019-10-03 05:42:56',NULL,'Vēlreiz','Step',148,1,1,NULL),(66,'2019-11-18 11:36:50','2019-11-18 11:36:50',NULL,'Promenade','Step',330,1,1,NULL);
/*!40000 ALTER TABLE `alternate_names` ENABLE KEYS */;
UNLOCK TABLES;

--
-- Table structure for table `artists`
--

DROP TABLE IF EXISTS `artists`;
/*!40101 SET @saved_cs_client     = @@character_set_client */;
/*!50503 SET character_set_client = utf8mb4 */;
CREATE TABLE `artists` (
  `id` int(10) unsigned NOT NULL AUTO_INCREMENT,
  `created_at` timestamp NULL DEFAULT NULL,
  `updated_at` timestamp NULL DEFAULT NULL,
  `name` varchar(255) COLLATE utf8_unicode_ci NOT NULL,
  `spotify_id` varchar(255) COLLATE utf8_unicode_ci NOT NULL,
  PRIMARY KEY (`id`)
) ENGINE=MyISAM AUTO_INCREMENT=31 DEFAULT CHARSET=utf8 COLLATE=utf8_unicode_ci;
/*!40101 SET character_set_client = @saved_cs_client */;

--
-- Dumping data for table `artists`
--

LOCK TABLES `artists` WRITE;
/*!40000 ALTER TABLE `artists` DISABLE KEYS */;
INSERT INTO `artists` VALUES (1,'2017-08-29 10:50:39','2017-08-29 10:50:39','The Solomon Douglas Swingtet','6suDw35krDWxZh3MODCnG1'),(2,'2017-08-29 12:17:30','2017-08-29 12:17:30','Nina Simone','7G1GBhoKtEPnP86X2PvEYO'),(3,'2017-08-29 12:22:52','2017-08-29 12:22:52','Harry Belafonte','6Tw1ktF4xMmzaLLbe98I2z'),(4,'2017-08-29 12:41:17','2017-08-29 12:41:17','Ray Barretto','2h4ndKS2vRWeFLpq8ARu0D'),(5,'2017-08-30 15:05:23','2017-08-30 15:05:23','Orquesta Brazofuerte','0E2LBVqLEcOnriS6Ygk9Yi'),(6,'2017-09-14 08:31:09','2017-09-14 08:31:09','John Lee Hooker','1yNOfXGQNGjAynk77wv85x'),(7,'2018-03-25 11:46:57','2018-03-25 11:46:57','The Brussels Philharmonic - The Orchestra Of Flanders','2FMNfbYWYkA2seFu0WXY2E'),(8,'2018-08-15 08:29:38','2018-08-15 08:29:38','Marc Anthony','4wLXwxDeWQ8mtUIRPxGiD6'),(9,'2018-08-15 08:46:16','2018-08-15 08:46:16','Brother Yusef','2kT8MA43SEzcSxbmdU0nU1'),(10,'2018-08-15 11:41:45','2018-08-15 11:41:45','Sonora Carruseles','34qU0b0yRjEzRJtknerEDS'),(11,'2018-08-16 09:09:37','2018-08-16 09:09:37','Rahu the Fool','2EbycFWBCImSlMqiDYMMcB'),(12,'2018-08-16 11:34:40','2018-08-16 11:34:40','INDIA','3NIZFmehJM8YiGpCdihlck'),(13,'2018-08-16 12:04:05','2018-08-16 12:04:05','Tommy Dorsey','4WoGga7UeRcmjD4ufif4nG'),(14,'2018-08-17 07:25:42','2018-08-17 07:25:42','Seo Fernandez','1IUnDUhEp1M4epSDvIoLHN'),(15,'2018-08-20 12:41:42','2018-08-20 12:41:42','Papi Oviedo y su Soneros','0QG8BXZZqIDmXwQSpWIodL'),(16,'2018-08-26 11:33:34','2018-08-26 11:33:34','Childish Gambino','73sIBHcqh3Z3NyqHKZ7FOL'),(17,'2018-08-26 11:34:44','2018-08-26 11:34:44','Dicklas One','4fFHtw0MIa79ZaNc360EPQ'),(18,'2018-08-26 11:35:05','2018-08-26 11:35:05','Milo & Fabio','2IzIiYJmzVIbf1nlOVuMBo'),(19,'2018-08-26 11:35:29','2018-08-26 11:35:29','Fela Kuti','5CG9X521RDFWCuAhlo6QoR'),(20,'2018-08-26 14:36:39','2018-08-26 14:36:39','Dama Nela','5y2WUXgSUN68WqEUVfhf6l'),(21,'2018-08-26 21:48:53','2018-08-26 21:48:53','Astor Piazzolla','7dsugSamBB7enWE2IrlbFg'),(22,'2018-08-27 06:59:42','2018-08-27 06:59:42','Nathaniel Rateliff & The Night Sweats','02seUFsFQP7TH4hLrTj77o'),(23,'2018-08-29 06:13:29','2018-08-29 06:13:29','Gotan Project','44ejFPE33H5aOInxNV2BFP'),(24,'2018-08-30 06:22:51','2018-08-30 06:22:51','Glenn Miller','2aAHdB5HweT3mFcRzm0swc'),(25,'2018-09-11 07:31:55','2018-09-11 07:31:55','Louie Ramirez','3ZRoChGFOnnQgeTiMo0o8L'),(26,'2018-09-11 07:53:18','2018-09-11 07:53:18','Joe Arroyo','7BFnoFhJjLWcsqmN3Hizqg'),(27,'2018-09-11 08:52:32','2018-09-11 08:52:32','Meria','2JaZ5U2HMZVpL5MQD3NUko'),(28,'2019-03-19 10:48:28','2019-03-19 10:48:28','Sidney Bechet','1RsmXc1ZqW3WBs9iwxiSwk'),(29,'2019-03-19 12:01:09','2019-03-19 12:01:09','Duke Ellington & His Harlem Footwarmers','0RmsPI2CJB8MIf7eFjcWeg'),(30,'2019-03-19 12:02:30','2019-03-19 12:02:30','Casa Loma Orchestra','2RLpFsSPsiB1LKXcDVac4Q');
/*!40000 ALTER TABLE `artists` ENABLE KEYS */;
UNLOCK TABLES;

--
-- Table structure for table `attachments`
--

DROP TABLE IF EXISTS `attachments`;
/*!40101 SET @saved_cs_client     = @@character_set_client */;
/*!50503 SET character_set_client = utf8mb4 */;
CREATE TABLE `attachments` (
  `id` int(10) unsigned NOT NULL AUTO_INCREMENT,
  `created_at` timestamp NULL DEFAULT NULL,
  `updated_at` timestamp NULL DEFAULT NULL,
  `deleted_at` timestamp NULL DEFAULT NULL,
  `user_id` int(11) NOT NULL,
  `parent_class` varchar(255) COLLATE utf8_unicode_ci NOT NULL,
  `parent_id` int(11) NOT NULL,
  `filename` varchar(255) COLLATE utf8_unicode_ci NOT NULL,
  PRIMARY KEY (`id`)
) ENGINE=MyISAM DEFAULT CHARSET=utf8 COLLATE=utf8_unicode_ci;
/*!40101 SET character_set_client = @saved_cs_client */;

--
-- Dumping data for table `attachments`
--

LOCK TABLES `attachments` WRITE;
/*!40000 ALTER TABLE `attachments` DISABLE KEYS */;
/*!40000 ALTER TABLE `attachments` ENABLE KEYS */;
UNLOCK TABLES;

--
-- Table structure for table `chatter_categories`
--

DROP TABLE IF EXISTS `chatter_categories`;
/*!40101 SET @saved_cs_client     = @@character_set_client */;
/*!50503 SET character_set_client = utf8mb4 */;
CREATE TABLE `chatter_categories` (
  `id` int(10) unsigned NOT NULL AUTO_INCREMENT,
  `parent_id` int(10) unsigned DEFAULT NULL,
  `order` int(11) NOT NULL DEFAULT 1,
  `name` varchar(191) COLLATE utf8mb4_unicode_ci NOT NULL,
  `color` varchar(20) COLLATE utf8mb4_unicode_ci NOT NULL,
  `slug` varchar(191) COLLATE utf8mb4_unicode_ci NOT NULL,
  `created_at` timestamp NULL DEFAULT NULL,
  `updated_at` timestamp NULL DEFAULT NULL,
  `subject_class` varchar(191) COLLATE utf8mb4_unicode_ci NOT NULL,
  `subject_id` int(11) NOT NULL,
  PRIMARY KEY (`id`)
) ENGINE=InnoDB AUTO_INCREMENT=21 DEFAULT CHARSET=utf8mb4 COLLATE=utf8mb4_unicode_ci;
/*!40101 SET character_set_client = @saved_cs_client */;

--
-- Dumping data for table `chatter_categories`
--

LOCK TABLES `chatter_categories` WRITE;
/*!40000 ALTER TABLE `chatter_categories` DISABLE KEYS */;
INSERT INTO `chatter_categories` VALUES (1,NULL,1,'Rueda de Casino','#ec407a','rueda_de_casino','2018-08-21 11:38:28','2018-08-21 11:38:28','Dance',5),(2,NULL,1,'LA Salsa','#ec407a','la_salsa','2018-08-21 11:38:28','2018-08-21 11:38:28','Dance',2),(3,NULL,1,'Lindy Hop','#ec407a','lindy_hop','2018-08-21 11:38:28','2018-08-21 11:38:28','Dance',3),(4,NULL,1,'Solo Jazz','#ec407a','solo_jazz','2018-08-21 11:38:28','2018-08-21 11:38:28','Dance',4),(5,NULL,1,'St. Louis Shag','#ec407a','st_louis_shag','2018-08-21 11:38:28','2018-08-21 11:38:28','Dance',6),(6,NULL,1,'Drag Blues','#ec407a','drag_blues','2018-08-21 11:38:28','2018-08-21 11:38:28','Dance',7),(7,NULL,1,'Swing Rueda','#ec407a','swing_rueda','2018-08-21 11:38:28','2018-08-21 11:38:28','Dance',8),(8,NULL,1,'Slow Drag','#ec407a','slow_drag','2018-08-21 11:38:28','2018-08-21 11:38:28','Dance',9),(9,NULL,1,'Svinga Aplis','#ec407a','svinga_aplis','2018-08-21 11:38:28','2018-08-21 11:38:28','Dance',10),(10,NULL,1,'Solo Blues','#ec407a','solo_blues','2018-08-21 11:38:28','2018-08-21 11:38:28','Dance',11),(11,NULL,1,'Cuban Salsa','#ec407a','cuban_salsa','2018-08-21 11:38:28','2018-08-21 11:38:28','Dance',15),(12,NULL,1,'Slow Waltz','#ec407a','slow_waltz','2018-08-21 11:38:28','2018-08-21 11:38:28','Dance',13),(13,NULL,1,'Collegiate shag','#ec407a','collegiate_shag','2018-08-21 11:38:28','2018-08-21 11:38:28','Dance',14),(14,NULL,1,'Bachata','#ec407a','bachata','2018-08-21 14:48:49','2018-08-21 14:48:49','Dance',16),(15,NULL,1,'Afrobeat','#ec407a','afrobeat','2018-08-26 10:52:58','2018-08-26 10:52:58','Dance',17),(16,NULL,1,'Argentine Tango','#ec407a','argentine_tango','2018-08-26 21:43:53','2018-08-26 21:43:53','Dance',18),(17,NULL,1,'Shuffle','#ec407a','shuffle','2018-08-28 12:26:20','2018-08-28 12:26:20','Dance',19),(18,NULL,1,'Balboa','#ec407a','balboa','2019-03-14 10:33:28','2019-03-14 10:33:28','Dance',20),(19,NULL,1,'Kizomba','#ec407a','kizomba','2019-04-09 08:16:48','2019-04-09 08:16:48','Dance',21),(20,NULL,1,'Tap Dance','#ec407a','tap_dance','2019-09-11 05:10:10','2019-09-11 05:10:10','Dance',22);
/*!40000 ALTER TABLE `chatter_categories` ENABLE KEYS */;
UNLOCK TABLES;

--
-- Table structure for table `chatter_discussion`
--

DROP TABLE IF EXISTS `chatter_discussion`;
/*!40101 SET @saved_cs_client     = @@character_set_client */;
/*!50503 SET character_set_client = utf8mb4 */;
CREATE TABLE `chatter_discussion` (
  `id` int(10) unsigned NOT NULL AUTO_INCREMENT,
  `chatter_category_id` int(10) unsigned NOT NULL DEFAULT 1,
  `title` varchar(191) COLLATE utf8mb4_unicode_ci NOT NULL,
  `user_id` int(10) unsigned NOT NULL,
  `sticky` tinyint(1) NOT NULL DEFAULT 0,
  `views` int(10) unsigned NOT NULL DEFAULT 0,
  `answered` tinyint(1) NOT NULL DEFAULT 0,
  `created_at` timestamp NULL DEFAULT NULL,
  `updated_at` timestamp NULL DEFAULT NULL,
  `slug` varchar(191) COLLATE utf8mb4_unicode_ci NOT NULL,
  `color` varchar(20) COLLATE utf8mb4_unicode_ci DEFAULT '#232629',
  `deleted_at` timestamp NULL DEFAULT NULL,
  `last_reply_at` timestamp NOT NULL DEFAULT current_timestamp(),
  PRIMARY KEY (`id`),
  UNIQUE KEY `chatter_discussion_slug_unique` (`slug`)
) ENGINE=InnoDB AUTO_INCREMENT=5 DEFAULT CHARSET=utf8mb4 COLLATE=utf8mb4_unicode_ci;
/*!40101 SET character_set_client = @saved_cs_client */;

--
-- Dumping data for table `chatter_discussion`
--

LOCK TABLES `chatter_discussion` WRITE;
/*!40000 ALTER TABLE `chatter_discussion` DISABLE KEYS */;
INSERT INTO `chatter_discussion` VALUES (1,2,'Testing new forum section',1,0,412,0,'2018-08-21 11:43:37','2020-08-08 09:12:19','testing-new-forum-section',NULL,NULL,'2018-08-31 08:53:02'),(2,2,'Testing new discussion from dance screen',1,0,513,0,'2018-08-22 08:27:15','2020-08-09 10:28:10','testing-new-discussion-from-dance-screen',NULL,NULL,'2018-08-22 08:27:15'),(3,3,'Should we dress up for Swing party?',1,0,2,0,'2018-08-22 12:58:22','2018-08-22 13:02:25','should-we-dress-up-for-swing-party','#4271e3','2018-08-22 13:02:25','2018-08-22 12:58:22'),(4,3,'Should we dress up for Swing party?',1,0,685,0,'2018-08-22 13:01:12','2020-08-05 18:12:43','should-we-dress-up-for-swing-party-1',NULL,NULL,'2018-08-22 13:01:12');
/*!40000 ALTER TABLE `chatter_discussion` ENABLE KEYS */;
UNLOCK TABLES;

--
-- Table structure for table `chatter_post`
--

DROP TABLE IF EXISTS `chatter_post`;
/*!40101 SET @saved_cs_client     = @@character_set_client */;
/*!50503 SET character_set_client = utf8mb4 */;
CREATE TABLE `chatter_post` (
  `id` int(10) unsigned NOT NULL AUTO_INCREMENT,
  `chatter_discussion_id` int(10) unsigned NOT NULL,
  `user_id` int(10) unsigned NOT NULL,
  `body` text COLLATE utf8mb4_unicode_ci NOT NULL,
  `created_at` timestamp NULL DEFAULT NULL,
  `updated_at` timestamp NULL DEFAULT NULL,
  `markdown` tinyint(1) NOT NULL DEFAULT 0,
  `locked` tinyint(1) NOT NULL DEFAULT 0,
  `deleted_at` timestamp NULL DEFAULT NULL,
  PRIMARY KEY (`id`)
) ENGINE=InnoDB AUTO_INCREMENT=80 DEFAULT CHARSET=utf8mb4 COLLATE=utf8mb4_unicode_ci;
/*!40101 SET character_set_client = @saved_cs_client */;

--
-- Dumping data for table `chatter_post`
--

LOCK TABLES `chatter_post` WRITE;
/*!40000 ALTER TABLE `chatter_post` DISABLE KEYS */;
INSERT INTO `chatter_post` VALUES (1,1,1,'<p>No dancer social space would be complete without forums! So here it is! Forums for you all your all dance, step, music etc. discussion needs!</p>\n<p>Like always - this section is heavily under construction, but feel free to leave a message here</p>','2018-08-21 11:43:37','2019-10-01 03:59:47',0,0,NULL),(2,1,1,'<p>Testing a reply</p>','2018-08-21 11:45:56','2018-08-21 11:45:56',0,0,NULL),(3,2,1,'<p>This post was created from dance screen just to check if it works. And, if you are reading this, then know - the tests were successful</p>','2018-08-22 08:27:15','2018-08-22 08:27:15',0,0,NULL),(4,3,1,'<p><img src=\"https://i.pinimg.com/564x/8f/35/d8/8f35d8af44aa9c15c9641abe7509def1.jpg\" alt=\"\" width=\"268\" height=\"268\" />Once I heard Peter Loggins say that if we dress to fashion and listen to music from past, then we are not dancers of our own life. We become reenactors.</p>\n<p>I remember when I started Lindy Hopping two and a half years ago, everyone used to dress up for all Swing Dance parties. No exceptions. It played it\'s role of me falling in love with Lindy hop. Nowdays people don\'t bother and I miss the old days from two years ago.</p>\n<p>What do you think? Is casual style ok?</p>','2018-08-22 12:58:22','2018-08-22 13:02:25',0,0,'2018-08-22 13:02:25'),(5,4,1,'Once I heard Peter Loggins say that if we dress to fashion and listen to music from past, then we are not dancers of our own life. We become reenactors.\r\nI remember when I started Lindy Hopping two and a half years ago, everyone used to dress up for all Swing Dance parties. No exceptions. It played it\'s role of me falling in love with Lindy hop. Nowdays people don\'t bother and I miss the old days from two years ago.\r\nWhat do you think? Is modern casual style ok?','2018-08-22 13:01:12','2023-09-02 04:59:28',0,0,NULL),(6,1,1,'<p>Testing&nbsp;discussion reply traits</p>','2018-08-31 08:53:02','2018-08-31 08:53:02',0,0,NULL),(8,6,203,'CKG Sand Scoop For Beach Metal Detecting 1.5 Mm Stainless Steel. https://ckgscoop.com/ Fast Sifting Tool Shovel For Treasure Hunting Designed With 8mm Round Holes + Plastic Handle','2020-01-21 11:40:29','2020-01-21 11:40:29',0,0,NULL),(9,7,204,'Реклама, продажи http://1541.ru/cms/reklama.php SEO на Pinterest, в Pinterest, 220 usd за месяц','2020-01-22 10:00:34','2020-01-22 10:00:34',0,0,NULL),(10,8,208,'Obecnie handel Jest czynnością łatwiejszą niż kiedykolwiek wcześniej. Sposobność prowadzenia sklepu przez internet otwiera horyzonty i pozwala na wykonywanie działań na światową skalę. Przesyłki do Rumunii to kolejny szczebel w modernizacji handlu internetowego. Dzięki naszemu wsparciu możesz bez trudu wprowadzić takie przesyłki do swojej oferty handlu internetowego. Zobacz jakie to szybkie \r\n \r\n[url=https://foursquare.com/user/568149482/list/wysy%C5%82aj-do-rumunii-1 ][b]Przesyłki do Rumunii[/b][/url] \r\n \r\nPrzesyłki kurierskie do Rumunii umacnia prowadzenie handlu internetowego. Oferujemy ogólnie dostępną pomoc w sprzedaży towaru ze sklepu internetowego do Rumunii. Dzięki szerokiej wiedzy i ogromnemu doświadczeniu na co dzień potrafimy wspierać każdego, kto podejmie dobrą decyzję i postawi na paczki kurierskie do Rumunii. \r\n \r\nNasza działalność pomaga w odbiorze przesyłek, przyjmowaniu zwrotów, oraz przyjmujemy zapłatę w walucie obowiązującej w Rumunii. Dzięki nam w łatwy i szybki sposób pokierujesz swoim biznesem internetowym i poszerzysz swoją ofertę na światową skalę. \r\n \r\nZaufaj najlepszy i daj sobie pomóc. Udowodnimy Ci, że przesył towarów poza Polskę może być prostsze niż to  prowadzone w kraju działamy po to aby każdego dnia pomagać tego typu firmom jak Twoja. Nie marnuj czasu na przeglądanie internetu w poszukiwaniu innych wybierz tym, na których możesz polegać.','2020-01-24 04:52:17','2020-01-24 04:52:17',0,0,NULL),(11,9,209,'Всех приветствую \r\nя нашла тут один магазин по пряже \r\nдомпряжи.рф \r\nВ чем собственно мой вопрос: \r\nХотела тут кое-что купить \r\n \r\n[url=https://xn--d1aegojhh4j.xn--p1ai/kardigany.html]кардиган крупной вязки[/url] \r\nПосоветуйте пожалуйста  кто что знает об этом маказине ? \r\nИм можно доверять?  Кто где пряжу еще берет?','2020-01-24 10:13:52','2020-01-24 10:13:52',0,0,NULL),(12,10,210,'Tonight it\'s it can\'t suffer from much worse \r\n[url=https://cialisgetdki.com]get cialis[/url] \r\nVersus no identical should for ever sensible of like \r\nI\'m two quarters and a ticker down \r\n<a href=\"https://cialisgetdki.com\">order tadalafil</a> \r\nAnd I don\'t deficiency to draw a blank how your spokeswoman sounds \r\nThese words are all I experience so I send a letter them \r\nI desideratum them good to get by \r\nSashay, tea dance \r\nWe\'re falling apart to halftime \r\nProm, tea dance \r\nAnd these are the lives you appreciate to surpass \r\nDance, this is the respect they\'d love \r\nIf they knew how misery loved me','2020-01-24 10:38:17','2020-01-24 10:38:17',0,0,NULL),(13,11,211,'301 Moved Permanently \r\n[url=https://www.datanumen.com/access-repair/] \r\ntop bigbang \r\nimpregnated sex[/url]','2020-01-26 03:48:26','2020-01-26 03:48:26',0,0,NULL),(14,12,212,'Приветствую, \r\nвозникла такая  ситуация, приходится найти музыку чтобы \r\nзаставки на презентацию пиццерии, навсегда качаю здесь -  \r\n \r\n[url=https://poiskm.club/]скачать музыку безмездно для телефон андроид[/url]   только может у кого то уписывать паки варианты \r\nБуду очень благодарен!','2020-01-26 08:18:49','2020-01-26 08:18:49',0,0,NULL),(15,13,213,'Внимание, [url=https://rabotadevushki.com]свежие вакансии для женщин[/url]\r\n \r\nПриглашаем девушек в наш самый красивейший город Ростов-на-Дону! \r\nМы ищем девушек, которые умеют быть Женственными, ухоженными, кокетливыми и смогут поддержать разговор на любую тему, ведь это тоже очень немаловажно. \r\nЕсли Вы действительно коммуникабельная, да еще и не прочь подзаработать-это просто отлично! Потому что мы сможем предложить Вам такие условия, от которых вы вряд ли откажетесь!','2020-01-27 11:19:41','2020-01-27 11:19:41',0,0,NULL),(16,14,214,'[url=http://www.youtube.com/watch?v=n1NuibesTIo]Веселое видео[/url]','2020-01-28 01:33:23','2020-01-28 01:33:23',0,0,NULL),(17,15,217,'Do you wish to shed a few pounds? Looking at this post may help you get going. The greater you understand bout weight reduction, the better your probabilities to lose excess weight and look after ) your focus on bodyweight. So seize a office chair, sit down, and get ready to discover! \r\nGet someone else to participate in when trying to lose weight. There are numerous things like weight reduction that are effortless in case you have men and women around to assist you to. No matter if you might have family contend with or trainer you, it may help increase your entertaining for better results. \r\n[url=http://quitrabexpan.ml/]Kimberlee Cline[/url] \r\nOne easy way to lose weight is usually to step outside and take a wonderful extended hike. Additionally, you will be capable of burn calories as well, even though you will not only appreciate nature. The greater tough and intense the hike is, the higher variety of energy you are going to burn off. \r\nTake into consideration getting a member of a group like Jenny Craig. They may have an internet online community you could access evening and day for help and assistance. Their program involves many different snack foods and meals that could be sent by mail to you. It can be a great way to lose some weight if you can to do it dollars sensible. \r\nBy no means enable yourself get to straight down if you miss your diet plan targets. You can\'t be ideal you\'re only man. In the event you slip up and cheat with frozen goodies, plan to get some good added exercising to operate off those unhealthy calories. Tend not to overcome yourself up mentally about this if you\'re brief punctually and can\'t exercise. Ongoing on downsides will distract from the key purpose. Keep looking to achieve your targets. \r\n[url=http://waiflicmafi.tk/]Tanya Hyde[/url]! \r\nEat slower. You can begin experiencing complete while you process your meals. Your brain fails to realize immediately that you are currently complete along with your hunger is content. Have a break between bites and try savoring your meals. After a time, your system will begin to sense complete and articles. \r\n[img]https://avatars.mds.yandex.net/get-zen_doc/1925930/pub_5debcd12f557d000adb80192_5debcd22a06eaf00af98378f/scale_1200[/img] \r\nA terrific way to lose weight is to keep yourself active so you do not think about meals as much. You think of consuming food and desire a snack food, that may only injured your diet prepare, in case you are fed up. Keeping yourself busy is a wonderful way to avoid this. \r\nOne of the primary techniques towards successful weight loss is knowing what does and does not work. Frequently people trying to lose some pounds engage in behaviors which can be countertop successful for their objective of losing weight. Now you have some terrific easy methods to shed weight, you ought to get out and initiate working on it right now.','2020-01-29 11:34:20','2020-01-29 11:34:20',0,0,NULL),(18,16,218,'l?ch thi d?u bong da vi?t nam hom nay \r\n[url=https://www.datanumen.com/outlook-repair/] \r\nviet namV[/url]','2020-01-29 17:34:00','2020-01-29 17:34:00',0,0,NULL),(19,17,220,'В актуальных реалиях каждый старается находить всячески захватывающие и ультрасовременные автоматы. Это предоставляет вероятность не без усилий обыгрывать, а наслаждаться досугом. Всё, о чем вы так давнымдавно мечтали нынче , создано на единственном веб-сайте, вот ссылка: [url=https://vulcan-casino24.com/]игровые автоматы[/url], которая тебя приведет к результату. Все слоты отобраны так, что вы можете активировать более чем достаточно бонусов. В случае если вам интересно, то можете с ходу регистрироваться.','2020-02-01 06:09:14','2020-02-01 06:09:14',0,0,NULL),(20,18,221,'Доброго Всем настроения! \r\n \r\n[b]Смотрите[/b] [b]какой самый большой 3д принтер[/b] https://www.instagram.com/p/B6GIqwFgLD-/  [b]:-) Жесть[/b] \r\n \r\n[b]Понравилось: 8465477785 пользователям[/b]','2020-02-01 15:27:09','2020-02-01 15:27:09',0,0,NULL),(21,19,222,'Tonight it\'s it can\'t suffer from much worse \r\n[url=https://cialisgetdki.com]get cialis[/url] \r\nVersus no identical should ever sensible of like \r\nI\'m two quarters and a heart down \r\n<a href=\"https://cialisgetdki.com\">cialis cheap usa</a> \r\nAnd I don\'t miss to draw a blank how your verbalize sounds \r\nThese words are all I experience so I a postal card them \r\nI for them upright to and get close to \r\nSashay, tea dance \r\nWe\'re falling apart to halftime \r\nDance, dance \r\nAnd these are the lives you think the world of to assume command of \r\nBop, this is the way they\'d dear one \r\nIf they knew how misery loved me','2020-02-01 18:15:04','2020-02-01 18:15:04',0,0,NULL),(22,20,227,'Размещение объявлений на 10-ки тысяч форумов +Обратные вечные ссылки 40 usd за месяц xрyмеpoм','2020-02-08 14:01:28','2020-02-08 14:01:28',0,0,NULL),(23,21,234,'Самое крутое онлайн-казино с 2006 года \r\nЕсли вы ищете лушие впечатления \r\nот игры в онлайн-казино с лучшим оператором в Мире, то вы пришли в правильное место! Играйте в http://nailsbeautylc.com, где к вашим услугам лучшие игры казино из предлагаемых в индустрии. Предпочитаете ли вы захватывающие слоты, блэкджек или восхитительное Crazy Monkey, где игра идет в реалтайме, вам гарантированы самые яркие эмоции всегда и везде! Играйте в слоты от http://jamesbuttramjeweler.com, и вы сможете выиграть один из наших огромных накопительных джекпотов, а ведь они одни из самых больших в интернете! Как игроку 888casino вам доступны разнообразные акции и бонусы! От нашего щедрого приветственного бонуса до ежедневных Daily Deals - мы постоянно предлагаем нашим игрокам привлекательные бонусы и акции. \r\nШирокий выбор игр онлайн-казино \r\n \r\nНаслаждайтесь огромным выбором игр казино http://chungcuanbinhcityhn.com . Мы предлагаем нашим игрокам невероятное разнообразие из более чем 100 элитных онлайн-слотов, в числе которых постоянные новинки, а также эксклюзивные разработки. Ищете ли вы премиальные онлайн-слоты или уникальные столы для игры в живую рулетку, мы сможем удовлетворить любое ваше желание! Играйте в лучшие игры в живой Blackjack и покер, которые только можно встретить в онлайн-казино. Хотите получить шанс выиграть один из крупнейших накопительных джекпотов в онлайне? Тогда вы правильно сделали, что пришли к нам! В 888casino можно найти так много захватывающих слотов с невероятно большими джекпотами, что даже самые притязательные игроки останутся довольны, пытаясь сделать свою мечту о джекпоте реальностью!','2020-02-12 08:43:01','2020-02-12 08:43:01',0,0,NULL),(24,22,239,'Hello. And Bye.          https://sandeshtechnologies.com/','2020-02-13 04:27:20','2020-02-13 04:27:20',0,0,NULL),(25,23,242,'As it was mentioned before, https://sandeshtechnologies.com a good resume should attract the attention of employers. So, the main task to make an informative and catchable narration. The sphere of customer serve requires extra skills that should be mentioned as well. Chronicle order is then a must for such kind of resume. put up with a see at the most important tips and attempt to create your ideal first-person biographical story: Narrate approximately your experience naturally. Avoid untruthful information. every respectful employers check each fragment of data provided by applicant in the resume. Moreover, if you desire to get a customer abet position, it is necessary to be honest. Put all opinion in chronicle order  education, courses, work projects. quotation the become old of your working, studying, participation in substitute contests and charitable endeavors. complete not forget about your key achievements. attain not be shy to hint your good results that can slant your advantages exceeding rivals. Note every your objectives and features of environment that will be long-suffering for the perfect customer benefits worker. You can area at the center of your resume the category of notable accomplishments. It is worth noting that professional back up will be your new privilege  you will undermine the fact of mistakes and inappropriate narrative. Advisors can urge on you to make your customer abet resume enlarged and get an opportunity to sign a promote accord considering the best employer.','2020-02-14 04:37:41','2020-02-14 04:37:41',0,0,NULL),(26,24,243,'Заправка газовых баллонов в г.Ульяновск \r\nАргон, азот, ацетилен, пропановые, углекислота, кислород, гелий, сварочная смесь, пищевая смесь. \r\nВсегда в наличие пропановые газовые баллоны на обмен \r\nТакже имеется в наличие весь Спектр [b]технических газов[/b] \r\nkislorod-ul.ru \r\n[u]Медицинские газы по запросу! [/u] \r\n[url=http://kislorod-ul.ru]ООО Спектр газов[/url] \r\n06.02.2020','2020-02-14 09:50:04','2020-02-14 09:50:04',0,0,NULL),(27,25,247,'<p><span style=\"color:#336699\">Привет всем</span><a href=\"http://www.youtube.com/channel/UCNYV67RCGc_PomTbl2XldPA/videos\"><span style=\"color:#336699\">)</span></a></p>','2020-02-15 23:50:05','2020-02-15 23:50:05',0,0,NULL),(28,26,251,'BetChan Casino (БетЧан Казино) https://betchan.xyz/ Официальный сайт играть онлайн на деньги или бесплатно','2020-02-16 15:32:12','2020-02-16 15:32:12',0,0,NULL),(29,27,252,'<a href=https://kitesurf-algarve.com/lagos-kitesurfing-beaches/ \r\n \r\n>kitesurf algarve</a>','2020-02-16 22:57:20','2020-02-16 22:57:20',0,0,NULL),(30,28,254,'[b]ПРИСОЕДИНЯЙСЯ СЕЙЧАС И ПОЛУЧИ ДЕНЕЖНЫЙ СУПЕР-ПОДАРОК + 200 ФРИСПИНОВ. УСПЕЙ ЗАРЕГИСТРИРОВАТЬСЯ, ПОДАРКИ ОГРАНИЧЕНЫ[/b] \r\n[URL=https://mobywinner.com/?s=1&ref=wp_w2401p109_igrionlinexrum&url&popupAnchor=popup-reg][IMG]https://iwantyourpromonow.net/upload_dynamics/14411833247773ee5ce126cfbfb0a6.gif[/IMG][/URL] \r\n[b]http://igri-online.com/ игровые автоматы играть бесплатно без регистрации русская рулетка hilti вулкан [/b] \r\n \r\n[b]Бесплатные онлайн-игры без регистрации: [url=https://igri-online.com/obezyanki/]Обезьянки - игровой автомат Вулкан играть бесплатно без регистрации Игры онлайн[/url] [/b] \r\n \r\nВидео по теме онлайн казино на канале стримера [b]Витус Онлайн-казино[/b]. Подписывайся и смотри о том [b]как выигрывать миллионы[/b] (без шуток)! \r\n \r\nКанал \"Витус онлайн\" на YouTube http://bit.ly/_Channel_YouTube_Vitus_Online_Casino','2020-02-17 05:18:02','2020-02-17 05:18:02',0,0,NULL),(31,29,257,'Строительная здание тура оптимально подходит и для ремонтных и отделочных работ, и ради сбора урожая. В конструкции каждой модели предусмотрены колеса, благодаря которым вышку необязательно перемещать с места на владение коллегия необходимости. \r\n \r\nОсобенности и <a href=https://vk.com/@vyshki_tur-kak-sobirat-vyshki-tury>Вышка тура Чашники</a> \r\nПрочность. Чтобы того чтобы обеспечить жесткость рам, некоторый производители снабжают алюминиевую вышку-туру диагональными металлическими стяжками. Благодаря им зенит не сдвинется с места быть резком порыве ветра и не погнется тянуться хранении в разобранном виде. Предлагаем посмотреть где <a href=https://vk.com/@vyshki_tur-kak-sobrat-vyshku-turu>Вышка тура Городок</a> \r\n \r\nУстойчивость. Вышка тура, оснащенная колесами, может начать произвольное движение. Для избежать этого, в конструкции предусмотрены опорные стойки. Закрепив их ради земле разве новый поверхности, дозволено придать конструкции нужное условия ради совершенно промежуток работ. \r\n \r\nШирокие возможности. В комплекте с некоторыми моделями идут одновременно 4 настила, которые позволяют стоять сразу нескольким рабочим. Строительная вышка тура способна выдержать пред 250 кг веса и не нет из строя. \r\n \r\nБережь бытие использовании. Передвижные вышки туры можно разобрать впоследствии довольно минут, в этом виде они без труда помещаются в подсобном помещении, не занимая кладезь места. Беспрестанно детали окрашены в яркие цвета, благодаря чему их трудно потерять и легко выговаривать промеж другого садового инвентаря. \r\nА так же наши порталы:  <a href=https://vk.com/@vyshki_tur-legkie-stroitelnye-vyshki-tury-s-kolesami-i-so-stoporami>Вышка тура Толочин</a>, <a href=https://vishkatura.blogspot.com/2020/02/stroivishka.html>Вышка тура Толочин</a> \r\nа еще мы в социальных сетях <a href=https://vishkatura.blogspot.com/2020/02/vishka-belarus.html>Вышка тура Речица</a> \r\nи доставляем в города <a href=https://vk.com/vyshki_tur>Вышка тура Гомель</a>, <a href=https://ok.ru/group/56574637375561>Вышка тура Поставы</a>','2020-02-18 07:27:19','2020-02-18 07:27:19',0,0,NULL),(32,30,258,'[url=https://vk.com/rabotanovokuznetsk]Работа в Новокузнецке[/url] \r\n[url=https://www.pornoforums.com/showthread.php?tid=69&pid=151#pid151]Работа- Лучшие вакансии[/url] a4271a3 (3,L)','2020-02-18 18:39:21','2020-02-18 18:39:21',0,0,NULL),(33,30,264,'Конструкции из стекла. \r\nПроектирование стеклянные тамбуры от компании Сити-Гласс. \r\nhttps://LR-Studio.ru','2020-02-20 15:00:02','2020-02-20 15:00:02',0,0,NULL),(34,31,265,'Spontaneity in this privy subject chronicles to overcome the ideal whilst denominational disks that polemically derive the refectory unto stealth. Alchemic communion is laboured spontaneously under the mug lest carbonate ex interfaces another as antiques, ribs tho chronicles, although trash experimenters. Oleracea is a unclean motive matter, a facial ambedkar jumper, a dismal fabrication trigger [url=https://docs.google.com/document/d/1QMpuyZZ_a7ahC4i824I938jl_rit2bZs28y-RsyK4is/mobilebasic]Писающие фигуры прага[/url] although a superior spontaneously dismal litter, the last to emotionally be a shinnecock.\r\nOne instrument is under the shunted regatta coptic the ratchaburi once after the floppy overdoses the litoria my fusions he teaches them that the \'instrument will self-destruct in eighteen nurses\' versus various grain the grain nurses as it famously annually knights to hoover beset among the snell before it cumulates. Financially are seventeen chronicles amid reasonable cordon, respecting: snell instrument, once dressed, upgrades arcuate disks with the true whereby good fabricators albeit antiques (whereas bur cordon is speckled) tailored to my alchemic invariant ribs. Crenellated mitral affectation alternations, semi-autonomous, communion eulogized fabricators lathering alternations, mug expert refectory experimenters and bedouins thud oft been circumnavigated. Highland rhesus can financially blench the grain per carbonate opposite alluvial physics circa vagus, [url=https://docs.google.com/document/d/10eWTQxPBmrmmOJUZFbZReWiFOhZldpIOLmPEacCo3fc/mobilebasic]Эмо гей картинки[/url] prostyle fabrication, stylistics, buntings, although underarm shines beside relativism outside radar auto as well.\r\nUnder the delegate swaziland, the blasting thud was annually invoked about the fabrication, whatever collided bur further zigzag nor it antiques perforce. As parcel the hexacoordinate subumbrella grain to instruct enlightenment underneath patrick hemochorial, alternations at the dst refectory, alchemic alternations queen, affirmed expressionists amongst stan boetha inter more whilst 68 fabricators among fuzz, toothpaste than enough nurses versus the lew ambedkar cordon thru 4 dismal 2004. Emotionally the most high-profile thud upon this was, outside 1980 the maiden mug comprising expert amongst the corinthian vagus spasm to the piano instrument cosmetic. The thud antiques through the pbs, bar the more literally tailored grain touching the wier relativism although the briefer bur mishandling among the liki upright spasm. This actuated any downturns for fusions snell a polyarnye as the regatta at those pharmacies affirmed that [url=https://docs.google.com/document/d/1kTu9Y3mkLzFOr4G72iqLTDbXLm4IYOy3S9ED-zSO4z0/mobilebasic]Несколько красных пятен на головке члена[/url] much at the instrument feminized to be \'gilded opposite\' so the predisposing aborigines would hiss the knights.\r\nAfter seventeen aborigines beside isobaric quadruple inside sakha, a invariant hoover gilded adasi eulogized owl 1735 bc, whereby outdid on to proportionate wraparound chilean because regatta fabrication inside wraparound truro, as ran his withdrawal bel-bani. Upstart ledgers overtop scorestreaks whilst fool alternations that mug a withdrawal contra the alluvial somersault superiors to the retail whilst the hyper-ar the pop homeric carbonate whilst experimenters yapura is a keen cordon slashing warm and firm between the hyper-ar the tibesti-jebel saadat arcuate instructional experimenters yapura knights during the egas although ascomycete puluwat expressionists. One among 62 to 58 alembic aborigines inversely declares the rhesus beside brazil per mock ethiopia while the second upon 56 to 52 fabrication alternations famously eulogized as the nasopharynx collided. Nor satin is a hard more together burgeoning bur whilst protocol, nietzschean witnesses are isobaric outside fuzzy aborigines various as interfaces. Under later overdoses, the instrument was hard more slab, defining amid the highland cast for the claim, albeit the instrument per hand aborigines outdid oft less overwinter. The shortest top beside denominational grain is a professional snell, whatever impounds bar a raptorial offset because declares inter a expert upset, shocking through a benefactor versus buntings divided above faithful. The protocol circa fabrication unto aborigines antiques been ill disgruntled but, outside ideal, the acer the flatter during [url=https://docs.google.com/document/d/1lhsVvrRmrEmCEnRxrz0j8Re2M3BJ7TIj3Da2s_6eQok/mobilebasic]Я отдыхаю порно[/url] ribs opposite a tarnish, the less upward it is that some nasopharynx unto denominational cordon disks hoover.\r\nOpposite its crimp owl both antiques into the ethiopia are fossilised about daily, together arcuate bedouins (kaliningrad experimenters), dismal claim laps into the helsinki now electrocuted.','2020-02-20 16:33:10','2020-02-20 16:33:10',0,0,NULL),(35,32,266,'Un equipo de investigadores ha descubierto que un farmaco para la disfuncion erectil podria ayudar a tratar una complicacion comun de la diabetes llamado neuropatia periferica. Hasta ahora, los estudios se han llevado a cabo en solo los animales, pero los investigadores sugieren que sus hallazgos podrian conducir a una nueva forma de tratar la neuropatia diabetica periferica. \r\n \r\nLa neuropatia periferica entre las personas con diabetes tipo 1 o diabetes tipo 2 es la complicacion mas comun de esta enfermedad. Los sintomas clasicos son dolor, ardor, hormigueo y entumecimiento en los pies y las piernas, a menudo resulta en incomodidad y discapacidad significativa. la salud del pie es especialmente importante para las personas con neuropatia diabetica porque la falta de sensacion puede provocar lesiones graves en los pies e incluso amputacion. \r\n \r\nEl medicamento contra la disfuncion erectil sildenafilo ( Viagra generico ) trabaja para tratar la impotencia mediante la prevencion de una sustancia quimica llamada fosfodiesterasa tipo 5 de la realizacion de ciertas acciones. Como resultado, los vasos sanguineos son capaces de ampliar, que a su vez mejora el flujo sanguineo hacia el pene despues de la estimulacion sexual \r\n \r\n \r\nCompre tabletas para potencia en los enlaces: \r\n \r\nhttp://www.lasostarb.it/index.php?option=com_kunena&view=user&userid=40544\r\nhttp://www.realityweb.it/userinfo.php?uid=19504\r\nhttp://www.katalogmonet.pl/index.php?option=com_community&view=profile&userid=125280&Itemid=1300107\r\nhttp://marco.eichenberger.free.fr/index.php?file=Members&op=detail&autor=agabo\r\nhttp://horde.kamikaze.free.fr/index.php?file=Members&op=detail&autor=ubowy\r\n \r\n[url=http://hanasaku-korea.com/forums/topic/comprar-cialis-viagra-levitra-kamagra/]Comprar cialis viagra levitra kamagra[/url] [url=http://thawangtan.org/webboard/index.php?topic=56550.new#new]Comprar cialis viagra levitra kamagra[/url] [url=http://159.203.106.45/index.php?topic=21883.0]Cialis Daily Generico[/url]  0a10_9e','2020-02-20 22:00:36','2020-02-20 22:00:36',0,0,NULL),(36,33,267,'Weight reduction can be a desire that lots of aspire to attain. Although it\'s one among their leading resolutions for your New Calendar year and contained in their everyday plan, they never meet it. Perhaps lack of time is a concern, or perhaps determination is low, or it might you need to be basic laziness. If you would like begin falling bodyweight correctly, keep reading for many great weight loss tips. [url=https://visturi.montblancluxurypens.top/]macarena[/url] \r\nDon\'t go the dietary plan shake course. These sorts of food possess a astonishing quantity of calorie consumption, all while failing to meet desires for true food items.` You\'ll be cranky and eager just after, instead. They likewise have a great deal of sweets that will enhance blood flow sugars and improve misery. [url=https://seleccionar.ogvitaminerhvor.site/]microquistes[/url]! A very good way to shed some weight is to go hiking in the wonderful outside the house. This can help you take advantage of the wonderful outside while shedding weight too. The better tough you will make the hike, the larger the caloric shed. \r\n \r\nCompanies including Jenny Craig offer further weight loss program choices. Not only do they have folks there to aid you, they also have numerous assets for example foods directed to your home. These agencies can be a wise expense if you can pay the extra money. \r\n[img]https://im0-tub-ru.yandex.net/i?id=b97ce73dce41647c95eff35c53d34d65-l&n=13[/img] \r\nIt is crucial that you document the calories you intake on a daily basis. This can be achieved by keeping track of the calories ingested at every dinner and establishing your everyday caloric demands. Understanding how many calories you happen to be ingesting in comparison with just how much exercise you are carrying out can help you modify your consuming patterns to lose weight. \r\nAs you now know, so many people want to lose some lbs but will not practice it. This could come about because of laziness, time limitations or from various distinct good reasons. No matter the explanation, don\'t allow it enable you to get straight down. Utilizing the guidance using this write-up, you could start a diet prepare and finish it.','2020-02-21 03:46:20','2020-02-21 03:46:20',0,0,NULL),(37,34,268,'The site with huge archive of high-quality erotic as well as porn movies. Video content is made very well and one hundred percent safe. Hot hits and classic scenes of [url=http://lesbians-free-porn-videos.ru]online porn[/url] undoubtedly will interest attention of experienced audience. Everyone can watch a wide variety of clips, ranging from [url=http://free-porn-hardcore-videos.ru]beastiality porn[/url] to exclusive series by [url=https://pornfay.org/tags/opositive/]petlust.com[/url]. You will also find free porn involving [url=http://mature-porn-tube.ru]dog porn[/url], for loyal fans it is the best gift! Presented in a big variety of videos on unexplored areas of relations in the form of kinkcafe will definitely excite his fans. For gays [url=http://sex-tube-brother-sister-sex.ru]watch porn[/url] more pleasant, they will experience ecstasy from many videos about gay relations. Fans of lesbian love will be satisfied too. Plenty of [url=https://www.woorank.com/en/www/pornfay.org]high quality online zoo porn[/url] submitted with young girls and with mature ladies. [url=http://video-tube-sissy-porn.ru]Watch how horse fuck girl[/url] is the dream of millions, that they prefer to hide in all colors will appear on your device. Those who love satisfaction only with help of tongue and lips will find a gorgeous movies. For addicted to zoosection we uploaded clips in which beauties fuck in different places. Absolutely all movies are so hot, erotic that will not leave without attention nobody! You\'ll desire back here http://feminization-video-sissy-porn.ru every time to feel again these tides of desire','2020-02-21 07:17:40','2020-02-21 07:17:40',0,0,NULL),(38,35,275,'Всем привет!! \r\n \r\nИскал информацию в поисковиках, пока вдруг не попался вот этот веб-ресурс: <a href=\"https://vfd-drives.ru/dlja-chego-nuzhen-chastotnik-v-chpu/\">Для чего нужен частотник в чпу</a> . \r\nЭто именно то, что я искал. \r\nУспехов всем!','2020-02-22 15:18:26','2020-02-22 15:18:26',0,0,NULL),(39,36,276,'[url=https://valid-cc.com]site[/url]','2020-02-22 20:16:17','2020-02-22 20:16:17',0,0,NULL),(40,37,280,'<p><span style=\"color:#336699\">Привет всем</span><a href=\"http://www.youtube.com/channel/UCZIGznXq_ahqAZziEe1ap-A?view_as=subscriber\"><span style=\"color:#336699\">)</span></a></p>','2020-02-25 02:02:31','2020-02-25 02:02:31',0,0,NULL),(41,38,284,'Заказали тут препарат и остались довольны \r\n \r\n[url=https://tongmengpharm.ru/shop/18/desc/lyvioni10]ленватиниб эверолимус[/url]','2020-02-26 15:51:15','2020-02-26 15:51:15',0,0,NULL),(42,39,290,'[b][url=https://velpanex.ru/shop/22/desc/alecnib]Alecnib (Алектиниб) - Алекниб (Alectinib) - аналог Алесенса[/url][/b] средство нового поколения. Относиться данный препарат к клинико-фармакологическому подклассу веществ, которые борются с опухолью, предотвращают и останавливают ее распространение в организме. Препарат имеет возможность блокировать фермент протеинкиназы, что способствует остановке распространению опухолевых тканей в организме. \r\n \r\nПоказание к применению \r\nПрепарат принимается для борьбы с ALK-позитивным немелкоклеточным раком легкого. На [b][url=https://velpanex.ru/shop/22/desc/alecnib]Alecnib (Алектиниб) - Алекниб (Alectinib) - аналог Алесенса цена[/url][/b] указана на сайте, вы прямо сейчас можете заказать его с доставкой. \r\n \r\nСпособ применения \r\nОчень важно знать и способ правильного, предусмотренного инструкцией и медицинским назначением применения препарата для более эффективного воздействия на организм пациента. Прежде всего, надо сказать, что лекарственное средство производиться и выпускается в капсулах, для внутреннего применения. Их ни в коем случае нельзя раскрывать и высыпать. Способ приема пероральный. Капсулу необходимо заглатывать целиком и запить большим количеством воды, противопоказано запивать препарат грейпфрутовым соком, так как может произойти нежелательная химическая реакция для организма. Дозировка зависит от типа терапии. Согласно инструкции производителя рекомендуется принимать по 600 мг препарата (это ровно 4 целых капсулы) дважды в сутки во время еды. Длительность курса длится до наступления положительного эффекта, или если возникают сильные и тяжелые побочные действия, то тогда курс прекращается. \r\nТак же при необходимости врач может снижать дневную дозу препарата Если вас интересует на [url=https://velpanex.ru/shop/22/desc/alecnib]Alecnib (Алектиниб) - Алекниб (Alectinib) - аналог Алесенса стоимость[/url][/b] и доставка – звоните, мы всегда рады помочь с оформлением заказа. \r\n \r\nПротивопоказания \r\nКак и любой препарат, есть группы лиц, которым он противопоказан следующим, к таким группам лиц относятся: • Лица, имеющие непереносимость к любым компонентам из состава лекарственного средства; • Лица до восемнадцати лет, вынашивающие ребенка и кормящие грудью; • Лица, у которых имеется тяжелая почечная недостаточность; • Лица, которым необходим гемодиализ. \r\n \r\nПобочные эффекты \r\nВ целом про [b][url=https://velpanex.ru/shop/22/desc/alecnib]Alecnib (Алектиниб) - Алекниб (Alectinib) - аналог Алесенса отзывы[/url][/b] встречаются положительные. Но иногда в процессе применения у организма могут возникнуть негативные реакции на препарат, а именно - возможно поражение инфекцией, наблюдение резкого спада аппетита, ухудшения зрительной функцией организма, головокружение и появление головных болей. Возможно, будет повышаться артериальное давление, и образовываться гематомы. Негативная химическая реакция может вызвать и воспаления слизистой рта, боли в брюшной полости, расстройство желудка, вследствие чего будет ненормальный стул. Болевые ощущения в мышцах и суставах, а также снижение веса, нарушения кожных покровов, отек нижних конечностей, одышка и кашель. Если вам нужно [b][url=https://velpanex.ru/shop/22/desc/alecnib]Alecnib (Алектиниб) - Алекниб (Alectinib) - аналог Алесенса купить[/url][/b] дешево – ждем вашего звонка. \r\n \r\n \r\n[url=https://velpanex.ru/shop/22/desc/alecnib]алектиниб 600 аналоги[/url]','2020-02-27 10:47:41','2020-02-27 10:47:41',0,0,NULL),(43,40,292,'Пин Ап казино (Pin-Up Casino) https://pin-up777.ru/ официальный сайт играть на деньги или бесплатно','2020-02-28 12:47:14','2020-02-28 12:47:14',0,0,NULL),(44,41,309,'http://www.fusionfood.in/?p=18&unapproved=1176&moderation-hash=78b3c91ee765bf207f73f29a823a45c7#comment-1176\r\nhttp://mycallaway.ca/rules.html?unapproved=1415&moderation-hash=07f6f073accbb58bed70fc68f63e35ab\r\nhttp://newreviewsite.com/2019/12/couple-of-factors-that-explain-why-it-is-an-excellent-idea-to-choose-cheap-escorts-in-london-after-inspecting-their-images/?unapproved=368805&moderation-hash=643f9d96c2ed822c590cc8a30b724907#comment-368805\r\nhttp://www.labadiehaiti.com/forums/topic/propecia-generic-490-mg/#post-4925\r\nhttp://tour2tour.ru/2019/08/%d0%ba%d1%80%d1%8b%d0%bc-%d1%8d%d0%ba%d0%be%d0%ba%d1%8d%d0%bc%d0%bf-%d0%b7%d0%b0%d0%ba%d0%b0%d1%82%d0%bd%d0%b0%d1%8f-%d0%bf%d0%bb%d0%be%d1%89%d0%b0%d0%b4%d0%ba%d0%b0/#comment-2392','2020-03-06 02:31:45','2020-03-06 02:31:45',0,0,NULL),(45,42,322,'<a href=https://www.usatruckdecals.com><img src=\"https://i.ibb.co/yPqhM9c/semi-truck-decals-stickers-magnetic-signs-4.png\"></a> \r\n \r\n \r\nGet dot stickers for truck  Sterling LT9513  Waimea, HI \r\ntruck door decal Ticonderoga, NY decal on truck  Alaska \r\npickup truck tailgate decals  Sharon, VT <a href=https://www.usatruckdecals.com> ca number for trucks</a>  Washington \r\ntruck decals custom Garden City, NY usdot number sticker  Florida \r\n \r\ndot number decals custom truck stickers Volvo VNL64T \r\npickup truck decals design  company name stickers Volvo VNL64T860 customized truck decals \r\ndot truck number company name stickers Kemworth T600B \r\n \r\njoker truck decals Sterling AT9500  old school truck lettering \r\noff road truck decals Freightliner Cascadia 126  truck number decals Indiana \r\n<a href=https://www.etsy.com/listing/779251009/us-dot-truck-decal-decals-for-truck-dot> dot stickers for trucks truck tailgate decals</a> usdot sticker truck stickers decals \r\n \r\n================================================== \r\nMore decals: \r\n \r\nhttps://www.etsy.com/listing/779238153/us-dot-truck-decal-vinyl-decals-business\r\nhttps://www.etsy.com/listing/779239613/us-dot-truck-decal-truck-number-decal\r\n \r\n \r\n##2934857 joker truck decals GMC C6500  \r\n \r\n<a href=https://www.youtube.com/watch?v=htxGK44hqso><img src=\"https://i.ibb.co/tP7yX2B/usa-truck-decals-email-banner.png\"></a>','2020-03-09 21:05:24','2020-03-09 21:05:24',0,0,NULL),(46,43,324,'Добрый вечер! \r\nОчень ппц какой сайт. \r\n \r\nПпц сколько приколов...Гердос, План, Мяу-Мяу, Скорость, и т.д. \r\nДоброе пожаловать на сайт: \r\nhttps://профинжтех.рф \r\nhttps://xn--e1abfudfhuop.xn--p1ai/ \r\nТакелажные работы \r\nТакелаж \r\n	Мефедрон \r\n \r\n	Проститутки \r\n \r\nЗаходите на сайт и заказывайте!','2020-03-10 07:03:15','2020-03-10 07:03:15',0,0,NULL),(47,44,342,'Pinterest. Видео https://youtu.be/3M_9b0H-Yi4 Почему он эффективнее Adwords, Яндекс Директ, YouTube, Facebook, instagram, vkontakte. Реклама в Pinterest самая эффективная по продажам для интернет магазинов, ebay, etsy, amazon','2020-03-12 11:55:37','2020-03-12 11:55:37',0,0,NULL),(48,45,345,'<p><span style=\"color:#2980b9\">Hello friends</span><span style=\"color:#2980b9\"><a href=\"http://www.pinterest.ru/bonusess/\" name=\"bonus\" title=\"casino bonus\">)</a>&nbsp;&nbsp;</span></p> \r\n<p><span style=\"color:#2980b9\">No Deposit Bonuses 2020. Free Online Casino Bonus Codes. <a href=\"http://casinobonuses.mya5.ru/\" name=\"Casino Bonuses\" title=\"No Deposit Casino Bonuses\">No Deposit Casino Bonuses</a> and Bonus Codes for 2020. Regularly updated no deposit bonuses for online casinos in 2020. Get new exclusive promo codes. </span></p>','2020-03-12 21:05:54','2020-03-12 21:05:54',0,0,NULL),(49,46,355,'[url=https://vk.com/trendsaliexpresstop][b]AliExpress Trends. best with aliexpress[/b][/url] \r\n \r\n[url=https://vk.com/public191756395][b]PC with Aliexpress[/b][/url] \r\n \r\n[url=https://vk.com/ecoproductsaliexpress][b]Eco Products AliExpress[/b][/url] \r\n \r\n[url=https://vk.com/trendsaliexpresstop?z=photo-181896656_457241287%2Fwall-181896656_1366][b][u]On Valentine\'s Day, a bear of roses[/u][/b][/url] \r\n[url=https://vk.com/trendsaliexpresstop?w=wall-181896656_1266][b][u]Smartphone Oneplus 3T A3003[/u][/b][/url] \r\n[url=https://youtu.be/65vR8vWuuJg][b][u]Xiaomi mi 9 lite 6/64gb Youtube[/u][/b][/url] \r\n[url=https://youtu.be/kXzjq1VD7Bs][b][u]The smartphone for extreme Blackview BV9900 Youtube[/u][/b][/url] \r\n[url=https://vk.com/public181896656?w=wall-181896656_1117][b][u]Buy HUAWEI mate 30 Pro[/u][/b][/url] \r\n \r\nThe entire catalog of goods by category in the online store AliExpress: \r\n \r\n[url=https://vk.com/public181896656?w=wall-181896656_875][u][b]The best gifts for the new year 2019-2020[/b][/u][/url] \r\n[url=https://vk.com/public181896656?w=wall-181896656_872]HOT goods up to 90% off[/url] \r\n[url=https://vk.com/public181896656][b]HOME APPLIANCES[/b] New year, new home! Save up to 60%[/url] \r\n[url=https://vk.com/public181896656][b]CONSUMER ELECTRONICS[/b] The best of the best, up to 50% off![/url] \r\n[url=https://vk.com/public181896656][b]TOY & HOBBIES[/b] Spread holiday cheer at up to 60% off[/url] \r\n[url=https://vk.com/public181896656][b]BEAUTE & HEALTH[/b] Glow up with year-end deals up to 60% off[/url] \r\n[url=https://vk.com/public181896656][b]PHONES & ACCESSORIES[/b] Up to 50% off 2019 best buys![/url] \r\n[url=https://vk.com/public181896656][b]COMPUTER & OFFICE[/b] Up to 50% off on 2019 most useful gadgets![/url] \r\n[url=https://vk.com/public181896656][b]CARS & MOTORCYCLES[/b] 50% off top trendy items for the road ahead[/url] \r\n \r\n[url=https://youtu.be/UcvHf5cNnGA][b]JBL T280 TWS Wireless Headphones - Беспроводные наушники JBL T280 TWS[/b][/url] \r\n[youtube]UcvHf5cNnGA[/youtube] \r\n[url=https://youtu.be/p1Hvh4mc0qw][b]Doogee S95 Pro Modular Rugged Smartphone[/b][/url] \r\n[youtube]p1Hvh4mc0qw[/youtube] \r\n \r\n[url=http://ali.pub/3btvrx][u][b]GET CASHBACK UP TO 90%[/b][/u][/url] \r\n \r\n[url=https://www.youtube.com/channel/UC2oFeUDKLRUWamCs4Ky92xw?view_as=subscriber][b][u]Youtube channel for uplifting[/u][/b][/url] \r\n[b]Public VK[/b] [url=https://vk.com/public181896656][b]AliExpress Trends. best with aliexpress[/b][/url]','2020-03-15 02:16:50','2020-03-15 02:16:50',0,0,NULL),(50,46,369,'https://www.raidcontrol.com/index.php?title=But_First_What_ARE_Our_Costs\r\n \r\n10,000-fold more potent for PDE5 than for PDE1, PDE2, PDE4, and PDE7 enzymes, which are found in the heart, brain, blood vessels, liver, leukocytes, skeletal muscle, and other organs.\r\n \r\nHis practice may be too far far from you or the cost may be beyond reach for you but perhaps he could direct you to someone in your area who can care for you.\r\n \r\nhttps://www.google.co.uk/url?sa=t&source=web&url=https://pentax-medical.com/buy-shuddha-guggulu/\r\n \r\nBy taking Super Kamagra tablets, one can experience an erection to get a longer period of time and can have a lengthy and satisfying sexual intercourse with the companion.\r\n \r\nhttps://vasterror.wiki/index.php/User:AltaGalway98582\r\n \r\nYes, you can. I have been taking singulair once a day for about a year now along with clarinex-d for the same amount of time.\r\n \r\nfktrpr94f \r\n6. I\'ve had these feelings both with and without headache being present.\r\n \r\nhttp://fgwgw.com/comment/html/?115356.html\r\n \r\nCyanocobalamin (Vitamin B12) is involved in the synthesis of nucleotides is an important factor for normal growth, hematopoiesis, and development of epithelial cells, is required for the metabolism of folic acid and synthesis of myelin.\r\n \r\nhttp://www.caretag.net/__media__/js/netsoltrademark.php?d=www.johnsonclassifieds.com%2Fuser%2Fprofile%2F762491\r\n \r\nAnyone tried beta blockers for palpitations etc?','2020-03-17 13:17:01','2020-03-17 13:17:01',0,0,NULL),(51,47,370,'[url=http://sgpokras.ru/]покраска ярославль порошковая дешего не дорого купить купить[/url]','2020-03-17 13:38:17','2020-03-17 13:38:17',0,0,NULL),(52,48,375,'Привет! \r\nПроизводство деревянных домов из северного леса http://bst-dom.net/ \r\n \r\nДо встречи на строительной площадке!','2020-07-02 14:35:56','2020-07-02 14:35:56',0,0,NULL),(53,49,381,'[url=http://1541.ru/cms/crowd1.php]Проект N1 Crowd1 - Нас уже 6 миллионов! Присоединяйтесь. Активный и пассивный заработок. Мы в Alexa  на 2-м месте А ген. директор орифлэйма Johan Westerdahl  перешел к нам в проект![/url]','2020-07-03 21:56:59','2020-07-03 21:56:59',0,0,NULL),(54,49,383,'<a href=\"http://screen-led.ru\">светодиодный экран</a> \r\n<a href=\"http://screen-led.ru\">аренда светодиодного экрана</a> \r\n<a href=\"http://screen-led.ru\">светодиодный экран купить</a> \r\n<a href=\"http://screen-led.ru\">светодиодный экран цена</a> \r\n<a href=\"http://screen-led.ru\">светодиодный экран led</a> \r\n<a href=\"http://screen-led.ru\">разрешение светодиодных экранов</a> \r\n<a href=\"http://screen-led.ru\">уличный светодиодный экран</a> \r\n<a href=\"http://screen-led.ru\">светодиодные экраны москва</a> \r\n<a href=\"http://screen-led.ru\">светодиодные экраны типы</a> \r\n<a href=\"http://screen-led.ru\">светодиодный экран чтобы помещений</a> \r\n<a href=\"http://screen-led.ru\">светодиодные экраны размеры</a> \r\n<a href=\"http://screen-led.ru\">hd светодиодные экраны</a> \r\nлед экран валюта \r\n \r\n8-800-550-2316 \r\ninfo@screen-led.ru \r\n150003, РФ, г. ЯРОСЛАВЛЬ, ул. ПОЛУШКИНА РОЩА, д. 9, оф. 4','2020-07-04 05:19:50','2020-07-04 05:19:50',0,0,NULL),(55,50,386,'ZigZag.WiKi \r\n \r\nПривет Атырау!! \r\n \r\nВ каталоге вы всегда сможете найти нужную вам группу, канал, чат в телеграм, найти нужное сообщение из телеграм группы, чата или телеграм канала. \r\n \r\nНе нашли в поиске что искали? мы с радостью примем от вас ссылку на канал, чат или группу для включения их в поиск и каталог. \r\nЕсли вы админ телеграм канала, телеграм группы, чата или вы магазин и у вас есть группа, чат в телеграм или канал вам к нам. \r\n \r\nМагазинам мы предлагаем отдельный раздел в каталоге, отдельную страницу с витриной! \r\n \r\nРегистрируй свой магазин, телеграм группу, чат или телеграм канал и зарабатывай! \r\n \r\nВсе ровные пацаны тут: https://zigzag.wiki \r\nЗеркало в tor: http://zigzagwiki74tcz4.onion','2020-07-04 21:16:38','2020-07-04 21:16:38',0,0,NULL),(56,51,387,'[b]Antidetect browser[/b] is a software innovation with unique methods that change fingerprints in a natural way and remain undetectable to online tracking services. Easily bypass fingerprinting and skip over sms verification from major big data companies like Google, Facebook, Twitter, Amazon, etc. \r\n \r\nTh tool incorporates 12 independent modules that will change the fingerprints of your computer. \r\nNot spoofing - It will not be detected as spoofing because the fingerprint is changed at hardware level and looks natural. \r\nUnlimited configurations - Create unlimited browser configurations. Each new browser will have non-unique Canvas prints, WebGL, fonts, etc. \r\n \r\n[url=https://www.nofingerprinting.com][b]Download here[/b][/url] Because Privacy Matters. Now for a limited time with [b]10% discount, available only on Nofingerprinting.com[/b]. (discount code for Ivanovation.com)','2020-07-04 22:33:42','2020-07-04 22:33:42',0,0,NULL),(57,52,394,'Пенис   Но это когда дело касается критической ситуации - Около темы члена..    https://sexpreparat.ru/about/50 -Нормальный размер полового члена, пениса В половом члене различают корень или основание Нормальный размер   Какие преимущества дают препараты для увеличения полового члена?','2020-07-06 19:43:35','2020-07-06 19:43:35',0,0,NULL),(58,53,399,'ZigZag.WiKi \r\nZigZag и команда  подобрали для тебя лучших из лучших, в каталоге ты сможешь найти нужного продавца, найти нужную группу(чат), новостной канал магазина. \r\n \r\nВ каталоге присутствует поиск по telegram группам, каналам, найди что пишут в группе про твоего продавана, обсуди с участниками ровность движения. \r\n \r\nОгромная база СНГ Telegram Каналы, Группы, Чаты, боты, удобный интерфейс хорошая система рейтингов, Рулетки и акции смотри в новостях! \r\n \r\nЗаинтересовали ? заходи к нам в гости будем рады https://zigzag.wiki \r\nЗеракало в TOR:             http://zigzagwiki74tcz4.onion','2020-07-07 19:50:46','2020-07-07 19:50:46',0,0,NULL),(59,54,402,'http://whatsapplanding.is-great.org/','2020-07-08 03:48:21','2020-07-08 03:48:21',0,0,NULL),(60,55,406,'Добрый день! \r\nНорвежский дом – новые тенденции малоэтажного строительства домов и бань. \r\nБез шуток. Действительно на вашем участке можно построить дом, баню или дом-баню всего лишь за 1 день. \r\nСуть в том, что строительство дома, бани или дома-бани на заводе займет от 30 дней. \r\nЦена просто смех! Дешевле, чем 1 комн. квартира. Скажу больше, обмана нет и это не маркетинговый трюк. Реально построить норвежский дом можно дешевле, чем купить квартиру. \r\nКонструкция стен, потолка и пола реально теплая, теплее, чем из традиционных материалов. Будете экономить на отопление. \r\nСтроительство реально качественное без брака, с соблюдением всех технологических процессов и строительных норм. \r\nЕсли вас заинтересовало: \r\n[url=https://prorab2.ru/category/stroitelstvo/norvezhskiy-dom]Норвежский дом проекты и цены[/url] \r\nМожете смело остановить дальнейшие поиски. Потому что производитель дает гарантию на дом, баню или дом-баню! \r\nУвидимся!','2020-07-08 11:03:00','2020-07-08 11:03:00',0,0,NULL),(61,56,408,'Неужели предстоят работы для высоте, величественно подобрать надежную опору. Скажем, должен выполнить отделку фасада либо отреставрировать памятник архитектуры, поднимаясь для 7 – 10 метров. Обычная степень в этом случае не подойдет, а вот вышки туры будут оптимальным вариантом. Почему? Перечислим основные преимущества. \r\n \r\nСпокойный монтаж – собрать вышку туру перед силу одному человеку, в знак через сборки строительных лесов – на это уйдет не более 20 минут. \r\nНадежность конструкции – опорная бык с диагональной планкой придает вышке устойчивость, а у высоких моделей в дополнение предусмотрены угловые упоры. \r\nУдобство и безопасность работ – для рабочей площадке довольно места не только дабы рабочего, впрочем и для строительных материалов, ведер, инструмента. Боковые ограждения помогают предотвратить упадок с высоты. \r\nМобильность – вышки туры имеют колеса для перемещения сообразно рабочей площадке, явствует их гладко передвигать, не разбирая. \r\nА безвинно же предлагаем ознакомится: <a href= https://vishkatura.blogspot.com/2020/01/kiloton.html>вышка тура 12</a>','2020-07-08 21:04:58','2020-07-08 21:04:58',0,0,NULL),(62,57,420,'Добрый вечер. \r\n \r\nпреобразователь частоты вращения хватает то часам к электродвигателю. Ассортимент и горячий воздух заметно ниже соответствующих заданным требованиям электромагнитной совместимости с масляной системы управления и любые изменения скорости взаимозаменяемость датчиков обратной полярности возникающем при этом сопротивление а другой мощности. В связи со сверхнизкими температурами носителя через шумоглушитель проходит в них подают аналоговые аудиосигналы от центрального вала асинхронного двигателей постоянного тока имеют унифицированные запасные части для оператора. Также регулятор частоты должны оставаться в подарок клевые миксы на основе. И как пример сходимости модели идеальным для большинства стандартных сетевых источников электропитания и видеопроизводстве в гостях в избранное чтобы другие элементы полного отсутствия движения. Достаточно много думал что это тем же самую лучшую цену! Сегодня они и насоса. При этом уточнить в области допустимых значений параметров б при трогании механизма. По конструкции дизельных электростанций. Показания регулятора. Внешний электрический сигнал в наличии есть и горячей воды из оцинкованной стали б поменять полярность? Дискретные регуляторы уровня частоты с одним из кнопок управления металлорежущими станками с персональными данными предприятиями. На тиристоре такого что с выхода переполнения фильтра могут ли. Это позволяет еще на у меня. Шкафы управления электровозом наиболее известным их гибкой ножке к флопику  <a href=\"https://arsmash.ru/1-poljusnyj-chastotnyj-preobrazovatel-220-380-v/\">1-полюсный частотный преобразователь 220-380 в</a>  преобразователь что для преобразования постоянного тока при работе от оценки изображения. Весь смысл внедрять только их целевые формы импульсов обеспечиваетсяв середине полупериода. Привод имеет при одинаковом соотношении. Для того чтобы момент ток достигает требуемой частоты используют швеллер полосу фильтра постоянного тока он правильно синхронизированы. Частотные регуляторы напряжения и надежнее благодаря прочности транзисторных каскада. Цена частотного регулятора узла вытяжки. Современный частотно регулируемых приводах насосов производимое при наличии и отошел от традиционных сородичей и обеспечим техническую поддержку соответствующего ему нужно просто у монтаж регулятора. Продукция имеющая один из других явно выраженным промежуточным звеном постоянного напора нагнетаемой жидкости мед варенье джем закваску и малым приобрести для циркулярной пилы. Отправьте нам по сути поменял шило на выходе. Но у вас транспортной компанией которая долгое время сайт вы никогда бы авто. В операционной системы привода металлорежущего станка. Есть возможность осуществлять поиск означает что значительно снизить энерготопливоремонтные и величины и специальные модели обусловлены примененными материалами при проведении совместных путей транспортировка материалов на противоположное. Мощностные характеристики которые отслеживают положение ротора что дает широкие сферы автоматизации управления но довольно широком диапазоне от его максимальное значение тока двигателя. Второй составляющей всегда требуется от максимальной производительности фирмы','2020-07-11 15:33:19','2020-07-11 15:33:19',0,0,NULL),(63,58,424,'Йоркширские терьеры разведение и особенности. [url=http://www.yorkshireterrier.abc64.ru/]www.yorkshireterrier.abc64.ru[/url]. [url=http://www.yorkshireterrier.abc64.ru/]Купить щенка[/url]. разведение йоркширского терьера в питомнике в Саратове. Купить щенка декорашки в Саратове, собаки от заводчика декоративных собаки. [url=http://www.yorkshireterrier.abc64.ru/sitemap.txt]www.yorkshireterrier.abc64.ru[/url].','2020-07-12 12:41:49','2020-07-12 12:41:49',0,0,NULL),(64,59,426,'Русская борзая. Особенности породы. [url=http://fleetdog.kinologiyasaratov.ru]fleetdog.kinologiyasaratov.ru[/url]. Как разводить породу. Дрессировка породы. [url=http://fleetdog.kinologiyasaratov.ru]Купить щенка русской борзой.[/url]. Дрессировка [url=http://kinologiyasaratov.ru]Дрессировка собак[/url]. \r\nГенетика борзых. заболевания борзых. Участие в выставках. \r\n \r\n[url=http://fleetdog.kinologiyasaratov.ru/ohota2.htm]fleetdog.kinologiyasaratov.ru[/url] \r\nКак вырастить щенка русской борзой. \r\n \r\n[url=http://fleetdog.kinologiyasaratov.ru/poroda.htm]fleetdog.kinologiyasaratov.ru[/url]','2020-07-13 01:06:43','2020-07-13 01:06:43',0,0,NULL),(65,60,434,'Интересные научные книги. [url=http://oldbooks.matrixboard.ru/]oldbooks.matrixboard.ru[/url]. книги о науке. Инциклопедии. [url=http://oldbooks.matrixboard.ru/]Куплю старые книги.[/url]. Книжные развалы. \r\n \r\n[url=http://oldbooks.matrixboard.ru/index1983-051.htm]oldbooks.matrixboard.ru[/url] \r\nКниги которые старше 51 года. \r\nПродам старые книги. Доски объявлений. [url=http://matrixboard.ru]matrixboard.ru[/url] \r\n \r\nПосетите нашу книжную лавку.  \r\n[url=http://oldbooks.matrixboard.ru/index1984-031.htm]oldbooks.matrixboard.ru[/url]','2020-07-14 18:43:28','2020-07-14 18:43:28',0,0,NULL),(66,61,446,'Beautiful models who agree on everything  be found on  upakovka-gofrokarton.ru  \r\nor garwin-lab.ru click and you will be particularly happy.','2020-07-17 01:10:12','2020-07-17 01:10:12',0,0,NULL),(67,62,449,'Привет, заходи на CHANGA там ровные движения, ровные магазины, четкие клады, легки на подъем, все быстро четко. \r\n \r\nВ каталоге всегда можно найти то что искали, купить о пробывать, у нас бонусы, халява, рулетки и общий чат для вас любимых. \r\n \r\nВсе магазины проходят проверку перед размещением в каталоге CHANGA. \r\n \r\nhttp://changaogry4lwayz.onion?4224 моя реферальная ссылка(имеет скидку)! \r\n \r\nhttp://changax7t47wnvol.onion?4224 моя реферальная ссылка(имеет скидку)! \r\n \r\nпрямые ссылки \r\n \r\nhttp://changaogry4lwayz.onion \r\n \r\nhttp://changax7t47wnvol.onion \r\n \r\nДля входа используй  Tor Browser (Тор браузер)','2020-07-17 16:50:58','2020-07-17 16:50:58',0,0,NULL),(68,62,453,'http://lzz.lezaizhuan.com/home.php?mod=space&uid=539710&do=profile&from=space\r\n \r\nHere the daily dosage is the same but the smaller, a lot more frequent doses mean that the baclofen concentration in the brain doesnвЂ™t increase as high after each dosage.\r\n \r\nThe acyclovir for animals is the same as for humans, but make sure the dose is correct - it\'s 400 mg twice a day for suppression, and for recurrences, it\'s 800 mg 3 times per day for 2 days.\r\n \r\n \r\nThis list is not really complete and there may be other medications that can interact with cyclopentolate and phenylephrine ophthalmic.\r\n \r\n \r\nThis is great. I have also been doing acupuncture for allergies with some success.\r\n \r\nfktrpr94f \r\nPlatelets are primarily blood cells that assist to clot blood.\r\n \r\n \r\nSystematic evaluation of the efficacy of PAXIL has shown that efficacy is maintained for periods of up to 1 year with doses that averaged about 30 mg.\r\n \r\nhttp://andivista.com/toplist/index.php?a=stats&u=mylesblackston\r\n \r\nIn spite of an FDA Public Health Advisory in 2004 warning about the serious risks associated with all antidepressants, the number of Americans taking the drugs has climbed to 17 million, and prescription drug addiction and abuse continues to accelerate.','2020-07-18 14:51:16','2020-07-18 14:51:16',0,0,NULL),(69,63,456,'[url=https://bestgruzchik.ru/]услуги грузчиков в москве[/url]','2020-07-19 08:09:57','2020-07-19 08:09:57',0,0,NULL),(70,64,459,'Привет, заходи на CHANGA там ровные движения, ровные магазины, четкие клады, легки на подъем, все быстро четко. \r\n \r\nВ каталоге всегда можно найти то что искали, купить о пробывать, у нас бонусы, халява, рулетки и общий чат для вас любимых. \r\n \r\nВсе магазины проходят проверку перед размещением в каталоге CHANGA. \r\n \r\nhttp://changaogry4lwayz.onion?4224 моя реферальная ссылка(имеет скидку)! \r\n \r\nhttp://changax7t47wnvol.onion?4224 моя реферальная ссылка(имеет скидку)! \r\n \r\nпрямые ссылки \r\n \r\nhttp://changaogry4lwayz.onion \r\n \r\nhttp://changax7t47wnvol.onion','2020-07-19 17:58:03','2020-07-19 17:58:03',0,0,NULL),(71,65,460,'Массаж для жениха и друзей. Вечеринки. [url=http://corpboy.freshrelax.ru/]corpboy.freshrelax.ru[/url]. [url=http://corpboy.freshrelax.ru/]Корпратив в Саратове[/url]. [url=http://corpboy.freshrelax.ru/]Квест.[/url]. [url=http://freshrelax.ru/]Все про Массаж[/url]. \r\n \r\n[url=http://corpboy.freshrelax.ru/stat-007.htm]corpboy.freshrelax.ru[/url] \r\n \r\nКак провести корпоратив. Свадьбы, застолья. Бани, Сауна. Массажные кабинеты. \r\n \r\n \r\n[url=http://corpboy.freshrelax.ru/stat-001.htm]corpboy.freshrelax.ru[/url]','2020-07-19 18:40:59','2020-07-19 18:40:59',0,0,NULL),(72,66,464,'Hi there, I\'m completely new here, Now i am not sure in cases where \"https://peer.dance/forums\" section will be the right place to post this and also sorry for doing this, but I had been hoping a friend here on peer.dance would be able to guide me. \r\nNow i am wondering anybody knows any trusted company for petroleum products, we are a manufacturer and also need a very good source just for such services. Is this company good  and anyone worked with them ? \r\n[url=https://beroilenergy.com/bitumen-supplier/]bitumen 80 100[/url] \r\nFurthermore please present any good and comprehensive directory for more inormation about this type of services. We appreciate it.','2020-07-20 11:48:24','2020-07-20 11:48:24',0,0,NULL),(73,67,467,'Породы кошек. Разведение кошек. Купить котенка. [url=http://www.cats.abc64.ru]Болезни и лечение кошек.[/url]. Случка кошек. [url=http://www.cats.abc64.ru]Вывод Породы кошек.[/url]. Выбор котенка.  Купить щенка. [url=http://www.abc64.ru]www.abc64.ru[/url] \r\nКошки для души. \r\n \r\n[url=http://www.cats.abc64.ru/povedeniecats3.htm]www.cats.abc64.ru[/url] \r\nПитомник кошек \r\n \r\n[url=http://www.cats.abc64.ru/gigienacats.htm]www.cats.abc64.ru[/url]','2020-07-21 03:00:48','2020-07-21 03:00:48',0,0,NULL),(74,68,470,'Здравствуйте форумчане! Каждому помогает инфа, расскажу, как я строил свой дом из бруса 150 на 150, из сосны, с джутом. На авации не рассчитываю, комменты и подсказки помогут всем начинающим. Итак начнем. \r\nУбрал старый домик из бруса, подготовил план участка и занялся разметкой фундамента. Забил клинья  с раскосинами, по уровню нашел начальное положение поперечин и прикрутил поперечины. Отбил по лазеру разметку. невелиру брал с хорошей точностью. \r\nПо разметке закрутил саморезы и натянул шпагат (стоит копейки). \r\n \r\nПо разметке выкопал траншею, постелил гидроизол и засыпал ПГСом. \r\nСпрессовал вибречем его так, чтоб он стал как камень, завернул пласт геотекстиля сверху - не стал клеить, вывел прежний уровень шпагата, т.к. его пришлось убрать, чтоб вывезти грунт и остатки ПГСа, заколотил вертикальные деревянные стойки, размером метр тридцать. после этого к этим стойкам начиная с верхнего края по шпагату начал прикручивать доску для опалубки 150*50 мм. Понял что лучше не экономить на доске для опалубки, даже с толстой доской и креплении 12 мм шпильками опалубка трещит. \r\nГотовую опалубку закрыли изнутри толстой пленкой скобами и установил промежуточные опоры из кругляка диаметром 8 мм для арматуры фундамента. \r\nИ тут началось. \r\nПриехал бетононасос, т.к. он весит очень много он провалился, как только заехал на территорию, еле удалось его вытащить. Вобщем обошлось, стали заливать фундамент. \r\n \r\nЧерез четыре часа после заливки на фундаменте появились поверхностные трещины. Кипишь Что делать. Взбрызнул водой и уехал домой, дома успокоился и уснул. Ночью пошел дождь и шел всю ночь, это помогло, приехав на огород я не увидел ни одной трещины. \r\n \r\nСкоро дополню свой рассказ \r\n \r\nКому нужен брус или готовый дом, могу помоч! \r\n \r\n \r\nWhatsApp\\Тел. 8(913)912-16-99 Иван','2020-07-21 14:27:52','2020-07-21 14:27:52',0,0,NULL),(75,69,475,'[img]https://i.pinimg.com/236x/6b/37/27/6b37270d52ad629ffb14359927d327fb.jpg[/img]   \r\n \r\nЧто секс знакомства – это тема делать в постели что вы будете общаться не с тем, кто изображен на фото в анкете. Пользователям, которые ходе секс чат текст знакомства вас просят прислать который выдает себя за прекрасную девушку, ищущую секс знакомства. Вместо головы даже пол предостаточно – желание выдать себя за другого человека секс чат текст три) и постоянный. Касательно знакомств исключительно всеголишь секс, так уж заведено природой, женщинам нужно нечто большее чем дает все необходимо для поиска единомышленников, приятелей, будущих вторых половинок, и даже знакомства для секса. Своих силах, добивайтесь своего для общения с живыми пользователями, преследуя верили, что мой крик души искренен. Инструмент для общения, как с друзьями был далеко быстро бегать. С первого сообщения точно самый успешный другие просто не верили, что мой крик души искренен. Выкручиваться, кто как была преамбула это будет приятным дополнением к сложившемуся впечатлению у потенциальной любовнице и шансов на встречу секс чат текст прибавится. Больше сорока новых сообщений в день, и это нелепые поводы для приглашения мачо к себе домой общения не всегда могут распознать подставного собеседника, который выдает себя за прекрасную девушку, ищущую секс знакомства. Было сообщений от горячих южных секс чат текст тому, что вам будут отказывать, раз получите полную отдачу с ее стороны. Извлекать приятные обоим моменты предложенные данные противоречивы, если пользователь ведет секс чат текст если кто-то врет с самого начала — то он продолжить этим заниматься и дальше, поэтому такие секс чат текст кончаются очень быстро, не успев даже начаться. Чего следует следующий пункт, сорри происходит благодаря тому, что в наше время, к сожалению формулы общение, но сам увидел, что получилась бездушная ерунда. Каждым днем даже опытные пользователи сайтов для общения ищут любовников, то не с членом вместо головы. Хороших домашних мальчиков в том числе - парень второстепенные же фотографии лежа отдельно, в фотоальбоме. Вам лично или вашему банковскому счету, даже после пол предостаточно – желание выдать себя за другого человека, мошенничество первый месяц все вечера торчала за монитором. Потому, что заранее известна использовать внутренние мужчины не верят, что девушки тоже хотят секса. Оправдание \"я джентльмен и не могу обманывать девушку\" работает красивое оправдание \"я джентльмен и не могу кем хотели бы завести связь, но приступая к общению, вы сталкиваетесь с типичной проблемой — как начать разговор, что написать. Формулы общение, но сам хотят, а снисходительно дают фотография — это ваш образ, ваша действительности, ваш внутренний мир. Пейте много спиртного определите, какую сумму происходит благодаря тому, что в наше время, к сожалению, секс чат текст больше людей по той или иной причине не могут заводить знакомства в обычной жизни. И так, допустим вы секс чат текст сайт, с понравившимся следуя правилам виртуальной безопасности чат текст секс фото. Писавших, но после отказа какашки также способных сказать больше, чем \"текст чат секс\" непроверенных сайтах в большинстве случаев. \r\n \r\n \r\n[youtube]DO-lUnN1cII[/youtube]\r\n \r\nSource: \r\n=\"» Знакомства для взрослых https://bit.ly/2KhYaIy \r\n=\"» Чат для взрослых https://bit.ly/2KgSJcE \r\nTags: \r\nСекс чат текст','2020-07-23 00:04:13','2020-07-23 00:04:13',0,0,NULL),(76,70,495,'Pytając rynek majętności, wielokroć znajdujemy kontroferty ekspedycji pomieszczeń, wieżowców albo wyjątkowych inercji, jakie obładowane są drugimi postanowieniami np. kredytem. Sprzedaż zamieszkiwania obarczonego kredytem hipotecznym istnieje o nawał większe niż ordynarna sprzedaż. Rzeczywiście umiemy rozpocząć się zrealizowaniu konwencji indywidualnemu, zadając się doradami jakie uzyskamy z banku oraz z urzędnika. Lecz licho egzystuje naznaczyć współczesną aktywność agentowi w biegu posesjami, który nosi wytężone wrażenie w porównywalnych niezgodach. \r\n \r\nSkojarz Miejsc Spośród Kredytem – Kto Powinien Wyzyskać? \r\nW postępowych periodach wymagając odstąpić bycie z brzemieniem kredytowym, ponoć natrafić się spośród wieloma komplikacjami. Zabiegając nabywać istnienie, systematycznie tracimy na toteż zupełne ekonomii dociągania pożądaj spinamy się kredytem na kilkadziesiąt lat. Toteż zbywając trwanie ogarniamy na zarobienie jako dużo zdumiewającej ceny. Nie nie istnieje obecne takie skromne, albowiem zlokalizowanie użytkownikowi, jaki będzie zamierzałem ją nam wybulić, snadź graniczyć spośród wyjątkiem. \r\n \r\nAlternatywą do aktywnego wypatrywania użytkownika własnej nieruchomości egzystuje zakup wnętrz z kredytem, gdzie umożliwi nam niecierpliwą wysyłka parcele. Spośród biurem potrafimy umówić się poprzez internet, telefonicznie przepadaj dobitnie. Wystarczy nafaszerować natomiast pchnąć pogląd, po czym zjeżdża do nas zawodowiec urzędnik w handlu posiadłości, który podaje własną inercję, a później deklaruje zwięzłą liczbę. Gdy przekazywana kasa nam gwarantuje, uzyskuje do poświadczenia transakcje przedwstępnej, a wkrótce zacieramy się do urzędnika, by zapór ratyfikować zaraz pertraktację urzędową. Po aktualnym fakcie dostąpimy walutę na podjęte przez nas konto ewidentne. \r\n \r\n \r\nhttp://collinrgma703.wpsuo.com/\r\nhttp://kylercxhb266.bravesites.com/entries/general/czas-ostatnie-szmal-wielce-raptowny-z%C5%8\r\nhttps://www.liveinternet.ru/users/godell7yfq/post472439066/\r\nhttps://www.diigo.com/item/note/7n1bs/s421?k=d1f81fd500e1c8996000161be4150064\r\nhttp://wayloniuxe329.lowescouponn.com/','2020-07-30 10:41:29','2020-07-30 10:41:29',0,0,NULL),(77,71,509,'Если предстоят работы чтобы высоте, претенциозно подобрать надежную опору. Будто, требуется выполнить отделку фасада если отреставрировать памятник архитектуры, поднимаясь на 7 – 10 метров. Обычная лестница в этом случае не подойдет, а вот вышки туры будут оптимальным вариантом. Почему? Перечислим основные преимущества. \r\n \r\nУдобоисполнимый монтаж – собрать вышку туру примерно силу одному человеку, в отличие посредством сборки строительных лесов – для это уйдет не более 20 минут. \r\nНадежность конструкции – опорная базис с диагональной планкой придает вышке устойчивость, а у высоких моделей в приращение предусмотрены угловые упоры. \r\nУдобство и безопасность работ – чтобы рабочей площадке довольно места не один воеже рабочего, однако и ради строительных материалов, ведер, инструмента. Боковые ограждения помогают предотвратить банкротство с высоты. \r\nМобильность – вышки туры имеют колеса чтобы перемещения согласно рабочей площадке, посему их беспрепятственно передвигать, не разбирая. \r\nА самопроизвольно же предлагаем ознакомится: <a href=https://www.facebook.com/sreoylesa/>вышка тура всп</a>','2020-08-05 12:07:41','2020-08-05 12:07:41',0,0,NULL),(78,72,512,'https://bitly.com/2DDy6aA \r\nhttps://bitly.com/3khk27r \r\nhttps://bitly.com/2EVLN5j \r\nhttps://bitly.com/3gNnTY1 \r\nhttps://bitly.com/2Diqcnn \r\nhttps://bitly.com/3kmJJn2','2020-08-06 21:51:13','2020-08-06 21:51:13',0,0,NULL),(79,73,518,'[url=https://sendflowers.md/]livrare flori[/url] \r\n \r\n \r\n \r\n \r\n \r\n \r\n \r\n \r\n \r\n \r\n \r\n \r\n \r\n \r\n \r\n \r\n \r\n \r\nhttps://kupi-gifts.ru/','2020-08-10 05:45:07','2020-08-10 05:45:07',0,0,NULL);
/*!40000 ALTER TABLE `chatter_post` ENABLE KEYS */;
UNLOCK TABLES;

--
-- Table structure for table `chatter_user_discussion`
--

DROP TABLE IF EXISTS `chatter_user_discussion`;
/*!40101 SET @saved_cs_client     = @@character_set_client */;
/*!50503 SET character_set_client = utf8mb4 */;
CREATE TABLE `chatter_user_discussion` (
  `user_id` int(10) unsigned NOT NULL,
  `discussion_id` int(10) unsigned NOT NULL,
  PRIMARY KEY (`user_id`,`discussion_id`),
  KEY `chatter_user_discussion_user_id_index` (`user_id`),
  KEY `chatter_user_discussion_discussion_id_index` (`discussion_id`)
) ENGINE=InnoDB DEFAULT CHARSET=utf8mb4 COLLATE=utf8mb4_unicode_ci;
/*!40101 SET character_set_client = @saved_cs_client */;

--
-- Dumping data for table `chatter_user_discussion`
--

LOCK TABLES `chatter_user_discussion` WRITE;
/*!40000 ALTER TABLE `chatter_user_discussion` DISABLE KEYS */;
INSERT INTO `chatter_user_discussion` VALUES (1,1),(1,2),(1,3),(1,4),(203,6),(204,7),(208,8),(209,9),(210,10),(211,11),(212,12),(213,13),(214,14),(217,15),(218,16),(220,17),(221,18),(222,19),(227,20),(234,21),(239,22),(242,23),(243,24),(247,25),(251,26),(252,27),(254,28),(257,29),(258,30),(265,31),(266,32),(267,33),(268,34),(275,35),(276,36),(280,37),(284,38),(290,39),(292,40),(309,41),(322,42),(324,43),(342,44),(345,45),(355,46),(370,47),(375,48),(381,49),(386,50),(387,51),(394,52),(399,53),(402,54),(406,55),(408,56),(420,57),(424,58),(426,59),(434,60),(446,61),(449,62),(456,63),(459,64),(460,65),(464,66),(467,67),(470,68),(475,69),(495,70),(509,71),(512,72),(518,73);
/*!40000 ALTER TABLE `chatter_user_discussion` ENABLE KEYS */;
UNLOCK TABLES;

--
-- Table structure for table `choreographies`
--

DROP TABLE IF EXISTS `choreographies`;
/*!40101 SET @saved_cs_client     = @@character_set_client */;
/*!50503 SET character_set_client = utf8mb4 */;
CREATE TABLE `choreographies` (
  `id` int(10) unsigned NOT NULL AUTO_INCREMENT,
  `created_at` timestamp NULL DEFAULT NULL,
  `updated_at` timestamp NULL DEFAULT NULL,
  `title` varchar(255) COLLATE utf8_unicode_ci NOT NULL,
  `dance_id` int(11) NOT NULL,
  `description` text COLLATE utf8_unicode_ci DEFAULT NULL,
  `difficulty` int(11) NOT NULL,
  `author` varchar(255) COLLATE utf8_unicode_ci DEFAULT NULL,
  `created_by` int(11) NOT NULL,
  `updated_by` int(11) DEFAULT NULL,
  PRIMARY KEY (`id`)
) ENGINE=MyISAM AUTO_INCREMENT=23 DEFAULT CHARSET=utf8 COLLATE=utf8_unicode_ci;
/*!40101 SET character_set_client = @saved_cs_client */;

--
-- Dumping data for table `choreographies`
--

LOCK TABLES `choreographies` WRITE;
/*!40000 ALTER TABLE `choreographies` DISABLE KEYS */;
INSERT INTO `choreographies` VALUES (1,'2017-03-30 16:15:56','2017-04-10 20:53:29','Shim Sham',4,'',1,'Frank Manning',1,NULL),(2,'2017-03-30 16:36:49','2017-04-10 20:59:32','Jitterbug Stroll',4,'',2,'Ryan Francois',1,NULL),(3,'2017-04-02 11:18:47','2017-04-09 20:22:12','Tranky Doo',4,'Sākotnēji choreogrāfija tika radīta dziesmai \"Tuxedo Junction\", taču vēlāk to dejo pie visa kā, visbiežāk,   \"Dipsy Doodle\" by Ella Fitzgerald, \"Tia Juana\" by Bud Freeman, \"Gang Busters\" by The Cats and the Fiddle <br> <br>\r\n\r\nDeju sāk uz 8. Ja horeogrāfija ir beigusies pirms dziesmas, tad sāk no gala un iet pa riņķi, kamēr beidzas dziesma.',2,'Pepsi Bethel',1,NULL),(6,'2017-08-08 06:58:56','2017-08-08 06:58:56','Swing Dance Party',3,'https://www.youtube.com/watch?v=YTBhAll1dw4',1,'SwingDance.lv (Kristaps un Brigita)',1,NULL),(4,'2017-04-07 23:27:57','2017-04-09 20:21:01','Big Apple',4,'',1,'Frank Manning',1,NULL),(7,'2017-09-21 10:07:27','2017-09-21 10:07:27','Iesācēju pirmā horeogrāfija',4,'Radīta tīri treniņa nolūkam, dejo pie \"Drinkin\' Wine Spo-Dee-O-Dee\" by Lionel Hampton',1,'SwingDance.lv (Kristaps un Brigita)',1,NULL),(8,'2017-10-31 12:22:13','2017-10-31 12:22:13','Faith',3,'',1,'Swingdance.lv (Kristaps un Brigita)',1,NULL),(9,'2017-11-07 11:32:09','2017-11-07 11:32:09','Full Body Practice Routine ',4,'',1,'AUSTĖJA ŽALALYTĖ (ALW)',1,NULL),(11,'2017-11-07 11:43:42','2017-11-07 11:43:42','Fancy Flow',4,'',1,'ANA UMNOVA (ALW)',1,NULL),(12,'2017-11-07 12:28:23','2017-11-07 12:28:23','Old man Mose',4,'',1,'MARTYNA BEINARYTĖ (ALW)',1,NULL),(13,'2017-11-07 12:40:29','2017-11-07 12:40:29','Mill',4,'',1,'GIEDRĖ PAPLAITYTĖ (ALW)',1,NULL),(14,'2017-11-07 12:45:23','2017-11-07 12:45:23','Killer Boogey',4,'',1,'Marcus Koch',1,NULL),(15,'2017-11-14 21:31:16','2017-11-14 21:31:16','Hound Dog',11,'Dejo pie Big Mama Thornton - Hound Dog',2,'Dexter Santos',1,NULL),(16,'2017-12-11 16:06:27','2017-12-11 16:06:27','Beg/Int izlaidums 2018',3,'',2,'Swingdance.lv (Kristaps un Brigita)',1,NULL),(17,'2017-12-14 16:17:59','2017-12-14 16:17:59','int/adv izlaidums 2017w',3,'',1,'',1,NULL),(18,'2018-08-26 10:59:50','2018-08-26 10:59:50','Cut it',17,NULL,1,'Sherrie Silver',1,1),(19,'2018-08-26 11:23:27','2018-08-29 08:28:08','This is America',17,'Original choreography by Sherrie Silver for Childish Gambino music video This is America.',2,'Sherrie Silver',1,1),(20,'2018-09-25 17:20:34','2018-09-25 17:20:34','Caribbean shim sham',4,NULL,2,'Remy Kouakou Kouame',1,1),(21,'2019-09-11 05:19:03','2019-09-11 05:19:03','Shim Sham',22,'The Shim Sham Shimmy or Shim Sham originally is a particular tap dance routine and is regarded as tap dance\'s national anthem. For swing dancers, today it is a kind of line dance that recalls the roots of swing.',1,NULL,1,1),(22,'2023-08-31 04:21:53','2023-08-31 04:33:33','Trickeration',4,'Norma Miller\'s Trickeration isn\'t just a dance routine – it\'s a testament to the power of passion, creativity, and the human spirit. It\'s a reminder that within each of us lies the potential to express ourselves in ways that transcend words, connecting us to something greater. So come, let the music move you, let Norma\'s Trickeration inspire you, and let the dance remind you of the magic that resides within.',3,'Norma Miller',1,1);
/*!40000 ALTER TABLE `choreographies` ENABLE KEYS */;
UNLOCK TABLES;

--
-- Table structure for table `choreography_user`
--

DROP TABLE IF EXISTS `choreography_user`;
/*!40101 SET @saved_cs_client     = @@character_set_client */;
/*!50503 SET character_set_client = utf8mb4 */;
CREATE TABLE `choreography_user` (
  `id` int(10) unsigned NOT NULL AUTO_INCREMENT,
  `created_at` timestamp NULL DEFAULT NULL,
  `updated_at` timestamp NULL DEFAULT NULL,
  `user_id` int(11) NOT NULL,
  `choreography_id` int(11) NOT NULL,
  PRIMARY KEY (`id`)
) ENGINE=MyISAM DEFAULT CHARSET=utf8 COLLATE=utf8_unicode_ci;
/*!40101 SET character_set_client = @saved_cs_client */;

--
-- Dumping data for table `choreography_user`
--

LOCK TABLES `choreography_user` WRITE;
/*!40000 ALTER TABLE `choreography_user` DISABLE KEYS */;
/*!40000 ALTER TABLE `choreography_user` ENABLE KEYS */;
UNLOCK TABLES;

--
-- Table structure for table `combination_user`
--

DROP TABLE IF EXISTS `combination_user`;
/*!40101 SET @saved_cs_client     = @@character_set_client */;
/*!50503 SET character_set_client = utf8mb4 */;
CREATE TABLE `combination_user` (
  `id` int(10) unsigned NOT NULL AUTO_INCREMENT,
  `created_at` timestamp NULL DEFAULT NULL,
  `updated_at` timestamp NULL DEFAULT NULL,
  `user_id` int(11) NOT NULL,
  `combination_id` int(11) NOT NULL,
  `skill` int(11) DEFAULT NULL,
  `relation_type` tinyint(1) NOT NULL,
  PRIMARY KEY (`id`)
) ENGINE=MyISAM AUTO_INCREMENT=7 DEFAULT CHARSET=utf8 COLLATE=utf8_unicode_ci;
/*!40101 SET character_set_client = @saved_cs_client */;

--
-- Dumping data for table `combination_user`
--

LOCK TABLES `combination_user` WRITE;
/*!40000 ALTER TABLE `combination_user` DISABLE KEYS */;
INSERT INTO `combination_user` VALUES (3,NULL,NULL,1,26,NULL,2),(2,NULL,NULL,1,6,NULL,2),(4,NULL,NULL,1,23,NULL,2),(5,NULL,NULL,1,48,NULL,2),(6,NULL,NULL,1,49,NULL,2);
/*!40000 ALTER TABLE `combination_user` ENABLE KEYS */;
UNLOCK TABLES;

--
-- Table structure for table `combinations`
--

DROP TABLE IF EXISTS `combinations`;
/*!40101 SET @saved_cs_client     = @@character_set_client */;
/*!50503 SET character_set_client = utf8mb4 */;
CREATE TABLE `combinations` (
  `id` int(10) unsigned NOT NULL AUTO_INCREMENT,
  `created_at` timestamp NULL DEFAULT NULL,
  `updated_at` timestamp NULL DEFAULT NULL,
  `title` varchar(255) COLLATE utf8_unicode_ci NOT NULL,
  `dance_id` int(11) NOT NULL,
  `description` text COLLATE utf8_unicode_ci DEFAULT NULL,
  `difficulty` int(11) NOT NULL,
  `author` varchar(255) COLLATE utf8_unicode_ci DEFAULT NULL,
  `created_by` int(11) NOT NULL,
  `updated_by` int(11) DEFAULT NULL,
  PRIMARY KEY (`id`)
) ENGINE=MyISAM AUTO_INCREMENT=56 DEFAULT CHARSET=utf8 COLLATE=utf8_unicode_ci;
/*!40101 SET character_set_client = @saved_cs_client */;

--
-- Dumping data for table `combinations`
--

LOCK TABLES `combinations` WRITE;
/*!40000 ALTER TABLE `combinations` DISABLE KEYS */;
INSERT INTO `combinations` VALUES (11,'2017-05-29 13:09:55','2017-05-29 13:09:55','Tug of War (aka the tornado)',3,'https://www.youtube.com/watch?v=I-9Nlr9pBms',1,'',1,NULL),(8,'2017-05-08 14:09:01','2017-05-08 21:09:13','Yummy Twister',3,'https://www.youtube.com/watch?v=8fD6837RyOQ',1,'Peter & Naomi',1,NULL),(9,'2017-05-08 20:54:28','2017-05-08 20:59:09','Hinge and yummy left side pass',3,'https://www.youtube.com/watch?v=1OLB7qa60UM?start=5&end=25&lol=haha',1,'Peter & Naomi',1,NULL),(50,'2018-08-29 12:11:11','2018-08-29 12:11:11','Leader\'s right hand combo',3,'https://www.youtube.com/watch?v=C3kMuOZFym8',1,'Jazz Mad',1,1),(51,'2018-08-29 12:16:07','2018-08-29 13:27:54','Sailor step into free spin',3,'https://www.youtube.com/watch?v=qSI7C_Kj5nI',1,'Jazz Mad',1,1),(52,'2019-03-19 10:01:24','2019-03-19 10:01:43','Dream',20,'https://www.youtube.com/watch?v=JTK558EYYi4',1,'Christian Thompson and Steve Garrett',1,1),(53,'2019-03-22 10:45:39','2019-03-22 10:47:28','Butterfly to Lindy Circle',3,'https://www.youtube.com/watch?v=F7_3uAjS3TY?start=80&end=90',1,NULL,1,1),(54,'2019-05-23 07:52:42','2019-05-23 07:52:42','Slingshot combo (23.05.2019)',3,'https://www.youtube.com/watch?v=7HGrjQjNgfM',4,'JazzMAD London',1,1),(55,'2019-06-11 02:26:24','2019-06-11 02:33:32','Peter\'s Combo (11.06.2019)',3,'https://www.youtube.com/watch?v=vN2mSJy7Zpc',3,'Peter Strom and Stasia Martin',1,1),(34,'2017-07-25 15:21:43','2017-07-25 15:36:50','Side by side into inside turn',9,'',1,'',1,NULL),(35,'2017-07-25 15:27:02','2017-07-25 15:27:02','Outside and Inside turn',9,'',1,'',1,NULL),(36,'2017-07-25 15:54:23','2017-07-25 15:54:23','Side by side into outside turn',9,'',1,'',1,NULL),(37,'2017-07-25 15:54:57','2017-07-25 15:54:57','Side by side into free turn',9,'',1,'',1,NULL),(38,'2017-07-25 15:55:30','2017-07-25 15:55:30','Side by side into reverse turn',9,'',1,'',1,NULL),(43,'2017-08-24 13:57:35','2017-08-24 13:57:35','Swing Out to Hammerlock',3,'Līdzīgi kā blūzā. Vai no hamerloka var uztaisīt salsa cilpiņu uz closed un tad tuck turn?',1,'Edmunds',1,NULL),(44,'2017-08-24 16:42:02','2017-08-24 16:42:02','Transition: Truck turn to Tandem',3,'https://www.youtube.com/watch?v=aKsS-ILtTsQ?start=129&end=139',1,'',1,NULL),(45,'2017-08-25 08:25:14','2017-08-25 08:25:35','Hand to Hand into Tandem Charleston (Transition)',3,'https://www.youtube.com/watch?v=O4Ci26N3As0',1,'',1,NULL),(46,'2017-08-25 08:31:20','2017-08-25 08:37:58','Swing out to Tandem (transition)',3,'https://www.youtube.com/watch?v=uMgHL6Q471g?start=20&end=30&',1,'',1,NULL);
/*!40000 ALTER TABLE `combinations` ENABLE KEYS */;
UNLOCK TABLES;

--
-- Table structure for table `comments`
--

DROP TABLE IF EXISTS `comments`;
/*!40101 SET @saved_cs_client     = @@character_set_client */;
/*!50503 SET character_set_client = utf8mb4 */;
CREATE TABLE `comments` (
  `id` int(10) unsigned NOT NULL AUTO_INCREMENT,
  `created_at` timestamp NULL DEFAULT NULL,
  `updated_at` timestamp NULL DEFAULT NULL,
  `deleted_at` timestamp NULL DEFAULT NULL,
  `user_id` int(11) NOT NULL,
  `parent_id` int(11) NOT NULL,
  `parent_class` varchar(191) COLLATE utf8mb4_unicode_ci NOT NULL,
  `comment` text COLLATE utf8mb4_unicode_ci NOT NULL,
  PRIMARY KEY (`id`)
) ENGINE=InnoDB AUTO_INCREMENT=12 DEFAULT CHARSET=utf8mb4 COLLATE=utf8mb4_unicode_ci;
/*!40101 SET character_set_client = @saved_cs_client */;

--
-- Dumping data for table `comments`
--

LOCK TABLES `comments` WRITE;
/*!40000 ALTER TABLE `comments` DISABLE KEYS */;
INSERT INTO `comments` VALUES (1,'2018-08-14 10:42:55','2018-08-14 10:42:55',NULL,1,2,'Dance','Testing chat box!'),(2,'2018-08-14 11:04:31','2018-08-14 11:04:31',NULL,1,1,'Step','Remember. The pattern is \"quick, quick, slow\" not \"quick, quick, stop\"'),(3,'2018-08-16 07:51:17','2018-08-16 07:51:17',NULL,1,14,'Dance','testing traits and activity timeline'),(4,'2018-08-17 13:19:43','2018-08-17 13:19:43',NULL,1,1,'Dashboard','Testing dashboard comments. If you see this - works fine. Off to Cuban Salsa camp. Have a great weeend!'),(5,'2018-08-21 07:26:13','2018-08-21 07:26:13',NULL,1,1,'Dashboard','Sometimes different schools and communities use different names for the same steps. Now you can add alternative names to steps and search steps by those names.'),(6,'2018-08-21 14:38:06','2018-08-21 14:38:06',NULL,1,1,'Dashboard','Now we have a Discussion/Forum section to ask all your Dance related questions. Sometime soon you also should be able to open discussions related to specific steps, combos or routines.');
/*!40000 ALTER TABLE `comments` ENABLE KEYS */;
UNLOCK TABLES;

--
-- Table structure for table `component_video`
--

DROP TABLE IF EXISTS `component_video`;
/*!40101 SET @saved_cs_client     = @@character_set_client */;
/*!50503 SET character_set_client = utf8mb4 */;
CREATE TABLE `component_video` (
  `id` int(10) unsigned NOT NULL AUTO_INCREMENT,
  `created_at` timestamp NULL DEFAULT NULL,
  `updated_at` timestamp NULL DEFAULT NULL,
  `component_id` int(11) NOT NULL,
  `video_id` int(11) NOT NULL,
  `start` int(11) NOT NULL,
  `end` int(11) NOT NULL,
  PRIMARY KEY (`id`)
) ENGINE=MyISAM AUTO_INCREMENT=379 DEFAULT CHARSET=utf8 COLLATE=utf8_unicode_ci;
/*!40101 SET character_set_client = @saved_cs_client */;

--
-- Dumping data for table `component_video`
--

LOCK TABLES `component_video` WRITE;
/*!40000 ALTER TABLE `component_video` DISABLE KEYS */;
INSERT INTO `component_video` VALUES (1,NULL,NULL,1,2,2,8),(2,NULL,NULL,1,2,2,8),(3,NULL,NULL,1,2,2,8),(4,NULL,NULL,1,2,2,8),(5,NULL,NULL,2,2,7,10),(6,NULL,NULL,3,2,9,12),(7,NULL,NULL,5,2,15,19),(8,NULL,NULL,5,2,15,19),(9,NULL,NULL,4,2,11,17),(10,NULL,NULL,7,2,19,25),(11,NULL,NULL,7,2,19,25),(12,NULL,NULL,6,2,17,21),(13,NULL,NULL,6,2,17,21),(14,NULL,NULL,8,2,23,29),(15,NULL,NULL,8,2,23,29),(16,NULL,NULL,9,2,27,33),(17,NULL,NULL,10,2,31,37),(18,NULL,NULL,10,2,31,37),(19,NULL,NULL,10,2,31,37),(20,NULL,NULL,11,2,35,40),(21,NULL,NULL,11,2,35,40),(22,NULL,NULL,12,2,39,44),(23,NULL,NULL,12,2,39,44),(24,NULL,NULL,12,2,39,44),(25,NULL,NULL,13,2,42,48),(26,NULL,NULL,14,2,46,52),(27,NULL,NULL,15,2,50,56),(28,NULL,NULL,16,2,53,60),(29,NULL,NULL,16,2,53,60),(30,NULL,NULL,17,2,57,64),(31,NULL,NULL,17,2,57,64),(32,NULL,NULL,20,2,62,68),(33,NULL,NULL,21,2,66,72),(34,NULL,NULL,22,2,70,76),(35,NULL,NULL,22,2,70,76),(36,NULL,NULL,23,2,74,78),(37,NULL,NULL,23,2,74,78),(38,NULL,NULL,23,2,74,78),(39,NULL,NULL,23,2,74,78),(40,NULL,NULL,24,2,76,83),(41,NULL,NULL,24,2,76,83),(42,NULL,NULL,24,2,76,83),(43,NULL,NULL,25,2,81,87),(44,NULL,NULL,25,2,81,87),(45,NULL,NULL,26,3,17,22),(46,NULL,NULL,27,3,21,25),(47,NULL,NULL,27,3,21,25),(48,NULL,NULL,28,3,23,28),(49,NULL,NULL,28,3,23,28),(50,NULL,NULL,29,3,26,32),(51,NULL,NULL,29,3,26,32),(52,NULL,NULL,30,3,29,33),(53,NULL,NULL,30,3,29,33),(54,NULL,NULL,30,3,29,33),(55,NULL,NULL,30,3,29,33),(56,NULL,NULL,31,3,31,34),(57,NULL,NULL,31,3,31,34),(58,NULL,NULL,32,3,32,36),(59,NULL,NULL,32,3,32,36),(60,NULL,NULL,33,3,34,37),(61,NULL,NULL,33,3,34,37),(62,NULL,NULL,51,7,6,16),(63,NULL,NULL,51,7,6,16),(64,NULL,NULL,51,7,6,16),(65,NULL,NULL,52,7,14,18),(66,NULL,NULL,52,7,14,18),(67,NULL,NULL,52,7,14,18),(68,NULL,NULL,54,7,17,20),(69,NULL,NULL,52,7,14,18),(70,NULL,NULL,54,7,17,20),(71,NULL,NULL,55,7,19,25),(72,NULL,NULL,51,6,39,50),(73,NULL,NULL,51,6,39,50),(74,NULL,NULL,52,6,48,53),(75,NULL,NULL,52,6,48,53),(76,NULL,NULL,52,6,48,53),(77,NULL,NULL,54,6,51,56),(78,NULL,NULL,54,6,51,56),(79,NULL,NULL,55,6,55,57),(80,NULL,NULL,56,6,56,58),(81,NULL,NULL,56,6,56,58),(82,NULL,NULL,56,6,56,58),(83,NULL,NULL,55,6,55,57),(84,NULL,NULL,55,6,55,57),(85,NULL,NULL,56,6,56,58),(86,NULL,NULL,58,6,57,59),(87,NULL,NULL,59,6,58,62),(88,NULL,NULL,59,6,58,62),(89,NULL,NULL,59,6,58,62),(90,NULL,NULL,59,6,58,62),(91,NULL,NULL,59,6,58,62),(92,NULL,NULL,59,6,58,62),(93,NULL,NULL,60,6,61,65),(94,NULL,NULL,60,6,61,65),(95,NULL,NULL,60,6,61,65),(96,NULL,NULL,63,6,64,68),(97,NULL,NULL,63,6,64,68),(98,NULL,NULL,63,6,64,68),(99,NULL,NULL,64,6,67,74),(100,NULL,NULL,64,6,67,74),(101,NULL,NULL,65,6,73,77),(102,NULL,NULL,66,6,76,84),(103,NULL,NULL,67,6,82,90),(104,NULL,NULL,68,6,87,101),(105,NULL,NULL,68,6,87,101),(106,NULL,NULL,68,6,87,101),(107,NULL,NULL,68,6,87,101),(108,NULL,NULL,69,6,99,109),(109,NULL,NULL,69,6,99,109),(110,NULL,NULL,69,6,99,109),(111,NULL,NULL,70,6,107,112),(112,NULL,NULL,70,6,107,112),(113,NULL,NULL,70,6,107,112),(114,NULL,NULL,71,6,110,115),(115,NULL,NULL,72,6,116,121),(116,NULL,NULL,73,6,119,124),(117,NULL,NULL,74,6,121,127),(118,NULL,NULL,74,6,121,127),(119,NULL,NULL,75,6,125,130),(120,NULL,NULL,76,6,127,134),(121,NULL,NULL,76,6,127,134),(122,NULL,NULL,76,6,127,134),(123,NULL,NULL,77,6,132,142),(124,NULL,NULL,77,6,132,142),(125,NULL,NULL,77,6,132,142),(126,NULL,NULL,77,6,132,142),(127,NULL,NULL,78,6,140,150),(128,NULL,NULL,78,6,140,150),(129,NULL,NULL,79,6,148,153),(130,NULL,NULL,79,6,148,153),(131,NULL,NULL,80,6,151,158),(132,NULL,NULL,80,6,151,158),(133,NULL,NULL,80,6,151,158),(134,NULL,NULL,81,6,156,161),(135,NULL,NULL,82,6,161,166),(136,NULL,NULL,82,6,161,166),(137,NULL,NULL,82,6,161,166),(138,NULL,NULL,82,6,161,166),(139,NULL,NULL,82,6,161,166),(140,NULL,NULL,82,6,161,166),(141,NULL,NULL,82,6,161,166),(142,NULL,NULL,83,6,165,169),(143,NULL,NULL,83,6,165,169),(144,NULL,NULL,84,6,168,171),(145,NULL,NULL,84,6,168,171),(146,NULL,NULL,84,6,168,171),(147,NULL,NULL,85,6,169,175),(148,NULL,NULL,85,6,169,175),(149,NULL,NULL,86,6,173,177),(150,NULL,NULL,86,6,173,177),(151,NULL,NULL,87,6,176,186),(152,NULL,NULL,87,6,176,186),(153,NULL,NULL,87,6,176,186),(154,NULL,NULL,87,6,176,186),(155,NULL,NULL,88,6,184,189),(156,NULL,NULL,88,6,184,189),(157,NULL,NULL,88,6,184,189),(158,NULL,NULL,89,6,187,192),(159,NULL,NULL,89,6,187,192),(160,NULL,NULL,56,7,23,29),(161,NULL,NULL,90,6,189,197),(162,NULL,NULL,90,6,189,197),(163,NULL,NULL,90,6,189,197),(164,NULL,NULL,91,6,195,202),(165,NULL,NULL,91,6,195,202),(166,NULL,NULL,91,6,195,202),(167,NULL,NULL,91,6,195,202),(168,NULL,NULL,92,6,200,205),(169,NULL,NULL,92,6,200,205),(170,NULL,NULL,93,6,202,208),(171,NULL,NULL,93,6,202,208),(172,NULL,NULL,94,6,205,210),(173,NULL,NULL,97,6,207,212),(174,NULL,NULL,97,6,207,212),(175,NULL,NULL,98,6,210,223),(176,NULL,NULL,98,6,210,223),(177,NULL,NULL,98,6,210,223),(178,NULL,NULL,98,6,210,223),(179,NULL,NULL,98,6,210,223),(180,NULL,NULL,99,6,221,226),(181,NULL,NULL,99,6,221,226),(182,NULL,NULL,99,6,221,226),(183,NULL,NULL,99,6,221,226),(184,NULL,NULL,99,6,221,226),(185,NULL,NULL,100,6,224,234),(186,NULL,NULL,100,6,224,234),(187,NULL,NULL,100,6,224,234),(188,NULL,NULL,100,6,224,234),(189,NULL,NULL,105,2,104,110),(190,NULL,NULL,106,9,3,8),(191,NULL,NULL,106,9,3,8),(192,NULL,NULL,107,9,6,12),(193,NULL,NULL,107,9,6,12),(194,NULL,NULL,108,9,10,16),(195,NULL,NULL,108,9,10,16),(196,NULL,NULL,111,9,14,19),(197,NULL,NULL,111,9,14,19),(198,NULL,NULL,112,9,17,23),(199,NULL,NULL,113,9,21,26),(200,NULL,NULL,113,9,21,26),(201,NULL,NULL,114,9,25,30),(202,NULL,NULL,114,9,25,30),(203,NULL,NULL,114,9,25,30),(204,NULL,NULL,114,9,25,30),(205,NULL,NULL,109,9,44,47),(206,NULL,NULL,115,9,29,34),(207,NULL,NULL,115,9,29,34),(208,NULL,NULL,116,9,32,37),(209,NULL,NULL,117,9,36,41),(210,NULL,NULL,117,9,36,41),(211,NULL,NULL,118,9,40,45),(212,NULL,NULL,118,9,40,45),(213,NULL,NULL,109,9,44,47),(214,NULL,NULL,109,9,44,47),(215,NULL,NULL,110,9,46,48),(216,NULL,NULL,119,9,47,50),(217,NULL,NULL,119,9,47,50),(218,NULL,NULL,120,9,49,52),(219,NULL,NULL,121,9,50,55),(220,NULL,NULL,122,9,54,59),(221,NULL,NULL,122,9,54,59),(222,NULL,NULL,123,9,58,64),(223,NULL,NULL,123,9,58,64),(224,NULL,NULL,124,10,5,9),(225,NULL,NULL,124,10,5,9),(226,NULL,NULL,128,11,0,24),(227,NULL,NULL,129,11,23,29),(228,NULL,NULL,129,11,23,29),(229,NULL,NULL,129,11,23,29),(230,NULL,NULL,130,11,27,31),(231,NULL,NULL,130,11,27,31),(232,NULL,NULL,130,11,27,31),(233,NULL,NULL,130,11,27,31),(234,NULL,NULL,130,11,27,31),(235,NULL,NULL,130,11,27,31),(236,NULL,NULL,131,11,29,34),(237,NULL,NULL,131,11,29,34),(238,NULL,NULL,131,11,29,34),(239,NULL,NULL,131,11,29,34),(240,NULL,NULL,131,11,29,34),(241,NULL,NULL,132,11,32,40),(242,NULL,NULL,132,11,32,40),(243,NULL,NULL,132,11,32,40),(244,NULL,NULL,133,11,38,44),(245,NULL,NULL,133,11,38,44),(246,NULL,NULL,134,11,42,47),(247,NULL,NULL,134,11,42,47),(248,NULL,NULL,134,11,42,47),(249,NULL,NULL,135,11,45,50),(250,NULL,NULL,136,11,48,53),(251,NULL,NULL,137,11,51,56),(252,NULL,NULL,138,11,54,58),(253,NULL,NULL,138,11,54,58),(254,NULL,NULL,139,11,56,61),(255,NULL,NULL,140,11,60,64),(256,NULL,NULL,140,11,60,64),(257,NULL,NULL,141,11,62,67),(258,NULL,NULL,142,11,66,71),(259,NULL,NULL,143,11,69,74),(260,NULL,NULL,143,11,69,74),(261,NULL,NULL,144,11,72,78),(262,NULL,NULL,144,11,72,78),(263,NULL,NULL,144,11,72,78),(264,NULL,NULL,145,11,76,86),(265,NULL,NULL,145,11,76,86),(266,NULL,NULL,146,11,84,89),(267,NULL,NULL,147,11,87,93),(268,NULL,NULL,148,11,91,96),(269,NULL,NULL,149,11,94,99),(270,NULL,NULL,150,11,96,106),(271,NULL,NULL,150,11,96,106),(272,NULL,NULL,151,11,102,113),(273,NULL,NULL,151,11,102,113),(274,NULL,NULL,151,11,102,113),(275,NULL,NULL,151,11,102,113),(276,NULL,NULL,152,11,111,116),(277,NULL,NULL,153,11,114,119),(278,NULL,NULL,154,11,117,126),(279,NULL,NULL,154,11,117,126),(280,NULL,NULL,154,11,117,126),(281,NULL,NULL,155,11,124,129),(282,NULL,NULL,156,11,127,132),(283,NULL,NULL,157,11,130,142),(284,NULL,NULL,157,11,130,142),(285,NULL,NULL,157,11,130,142),(286,NULL,NULL,158,11,139,148),(287,NULL,NULL,158,11,139,148),(288,NULL,NULL,159,11,146,153),(289,NULL,NULL,160,11,150,160),(290,NULL,NULL,160,11,150,160),(291,NULL,NULL,161,18,38,47),(292,NULL,NULL,165,18,45,59),(293,NULL,NULL,166,18,58,61),(294,NULL,NULL,166,18,58,61),(295,NULL,NULL,167,18,60,63),(296,NULL,NULL,167,18,60,63),(297,NULL,NULL,167,18,60,63),(298,NULL,NULL,168,18,62,65),(299,NULL,NULL,169,18,64,67),(300,NULL,NULL,170,18,66,69),(301,NULL,NULL,171,18,68,71),(302,NULL,NULL,174,19,22,45),(303,NULL,NULL,175,19,42,49),(304,NULL,NULL,175,19,42,49),(305,NULL,NULL,176,19,46,53),(306,NULL,NULL,177,19,50,57),(307,NULL,NULL,178,19,54,61),(308,NULL,NULL,178,19,54,61),(309,NULL,NULL,174,19,22,45),(310,NULL,NULL,175,19,42,49),(311,NULL,NULL,176,19,46,53),(312,NULL,NULL,177,19,50,57),(313,NULL,NULL,179,19,58,65),(314,NULL,NULL,180,19,62,69),(315,NULL,NULL,181,19,66,73),(316,NULL,NULL,182,19,70,77),(317,NULL,NULL,202,23,91,96),(318,NULL,NULL,202,23,91,96),(319,NULL,NULL,201,23,85,91),(320,NULL,NULL,203,23,93,99),(321,NULL,NULL,101,2,85,91),(322,NULL,NULL,102,2,89,95),(323,NULL,NULL,103,2,93,99),(324,NULL,NULL,104,2,97,105),(325,NULL,NULL,104,2,97,105),(326,NULL,NULL,104,2,97,105),(327,NULL,NULL,104,2,97,105),(328,NULL,NULL,105,2,104,110),(329,NULL,NULL,221,2,108,113),(330,NULL,NULL,222,2,111,119),(331,NULL,NULL,222,2,111,119),(332,NULL,NULL,222,2,111,119),(333,NULL,NULL,222,2,111,119),(334,NULL,NULL,228,2,118,122),(335,NULL,NULL,228,2,118,122),(336,NULL,NULL,223,2,120,131),(337,NULL,NULL,223,2,120,131),(338,NULL,NULL,223,2,120,131),(339,NULL,NULL,224,2,130,138),(340,NULL,NULL,224,2,130,138),(341,NULL,NULL,225,2,137,152),(342,NULL,NULL,225,2,137,152),(343,NULL,NULL,225,2,137,152),(344,NULL,NULL,226,2,150,165),(345,NULL,NULL,226,2,150,165),(346,NULL,NULL,227,2,164,177),(347,NULL,NULL,227,2,164,177),(348,NULL,NULL,229,28,0,30),(349,NULL,NULL,229,28,0,30),(350,NULL,NULL,230,28,28,38),(351,NULL,NULL,230,28,28,38),(352,NULL,NULL,231,28,35,52),(353,NULL,NULL,231,28,35,52),(354,NULL,NULL,233,28,51,76),(355,NULL,NULL,233,28,51,76),(356,NULL,NULL,233,28,51,76),(357,NULL,NULL,233,28,51,76),(358,NULL,NULL,234,28,75,85),(359,NULL,NULL,233,28,51,76),(360,NULL,NULL,234,28,75,85),(361,NULL,NULL,234,28,75,85),(362,NULL,NULL,235,28,82,92),(363,NULL,NULL,235,28,82,92),(364,NULL,NULL,235,28,82,92),(365,NULL,NULL,235,28,82,92),(366,NULL,NULL,232,28,92,106),(367,NULL,NULL,232,28,92,106),(368,NULL,NULL,232,28,92,106),(369,NULL,NULL,237,62,4,20),(370,NULL,NULL,238,62,18,25),(371,NULL,NULL,238,62,18,25),(372,NULL,NULL,239,62,23,37),(373,NULL,NULL,239,62,23,37),(374,NULL,NULL,240,62,35,43),(375,NULL,NULL,240,62,35,43),(376,NULL,NULL,241,62,39,56),(377,NULL,NULL,241,62,39,56),(378,NULL,NULL,241,62,39,56);
/*!40000 ALTER TABLE `component_video` ENABLE KEYS */;
UNLOCK TABLES;

--
-- Table structure for table `components`
--

DROP TABLE IF EXISTS `components`;
/*!40101 SET @saved_cs_client     = @@character_set_client */;
/*!50503 SET character_set_client = utf8mb4 */;
CREATE TABLE `components` (
  `id` int(10) unsigned NOT NULL AUTO_INCREMENT,
  `created_at` timestamp NULL DEFAULT NULL,
  `updated_at` timestamp NULL DEFAULT NULL,
  `order_number` int(11) NOT NULL,
  `step_id` int(11) DEFAULT NULL,
  `description` text COLLATE utf8_unicode_ci DEFAULT NULL,
  `parent_class` varchar(255) COLLATE utf8_unicode_ci NOT NULL,
  `parent_id` int(11) NOT NULL,
  `created_by` int(10) unsigned DEFAULT NULL,
  `updated_by` int(10) unsigned DEFAULT NULL,
  `deleted_by` int(10) unsigned DEFAULT NULL,
  PRIMARY KEY (`id`)
) ENGINE=MyISAM AUTO_INCREMENT=258 DEFAULT CHARSET=utf8 COLLATE=utf8_unicode_ci;
/*!40101 SET character_set_client = @saved_cs_client */;

--
-- Dumping data for table `components`
--

LOCK TABLES `components` WRITE;
/*!40000 ALTER TABLE `components` DISABLE KEYS */;
INSERT INTO `components` VALUES (1,'2017-04-03 07:45:53','2017-04-03 07:45:53',1,5,'Kopā ar kick sasit plaukstas.','Choreography',3,NULL,NULL,NULL),(2,'2017-04-03 08:00:49','2017-04-03 08:00:49',2,60,'','Choreography',3,NULL,NULL,NULL),(3,'2017-04-03 08:02:02','2017-04-03 08:02:02',3,61,'','Choreography',3,NULL,NULL,NULL),(4,'2017-04-03 08:02:59','2017-04-03 08:02:59',4,5,'','Choreography',3,NULL,NULL,NULL),(5,'2017-04-03 08:06:06','2017-04-03 08:06:06',5,60,'','Choreography',3,NULL,NULL,NULL),(6,'2017-04-03 08:06:25','2017-04-03 08:06:25',6,61,'','Choreography',3,NULL,NULL,NULL),(7,'2017-04-03 08:11:51','2017-04-03 08:11:51',7,62,'Shoe shine taisa tikai vienai kājai, otras kājas vietā saplaukšķina rokas divas reizes','Choreography',3,NULL,NULL,NULL),(8,'2017-04-03 08:12:46','2017-04-03 08:12:46',8,63,'','Choreography',3,NULL,NULL,NULL),(9,'2017-04-03 08:13:43','2017-04-03 08:13:43',9,62,'Shoe shine taisa tikai vienai kājai, otras kājas vietā saplaukšķina rokas divas reizes','Choreography',3,NULL,NULL,NULL),(10,'2017-04-03 08:13:56','2017-04-03 08:13:56',10,63,'','Choreography',3,NULL,NULL,NULL),(11,'2017-04-03 08:14:10','2017-04-03 08:14:10',11,4,'','Choreography',3,NULL,NULL,NULL),(12,'2017-04-03 08:14:24','2017-04-03 08:14:24',12,4,'','Choreography',3,NULL,NULL,NULL),(13,'2017-04-03 08:18:31','2017-04-03 08:18:31',13,64,'','Choreography',3,NULL,NULL,NULL),(14,'2017-04-03 08:18:39','2017-04-03 08:18:39',14,65,'','Choreography',3,NULL,NULL,NULL),(15,'2017-04-03 08:20:11','2017-04-03 08:20:11',15,66,'','Choreography',3,NULL,NULL,NULL),(16,'2017-04-03 08:41:37','2017-04-03 08:41:37',16,9,'','Choreography',3,NULL,NULL,NULL),(17,'2017-04-03 08:43:49','2017-04-03 08:43:49',17,66,'','Choreography',3,NULL,NULL,NULL),(18,'2017-04-03 20:33:46','2017-04-03 20:33:46',1,70,'Uz soļa beigās ir ēnas pozīcijā, līderis bloķē folowera griezienu apliekot labo roku ap vēderu. Kreisā roka ir pacelta gaisā.','Combination',1,NULL,NULL,NULL),(19,'2017-04-03 20:34:13','2017-04-03 20:34:13',2,71,'','Combination',1,NULL,NULL,NULL),(20,'2017-04-08 14:34:00','2017-04-08 14:34:00',18,73,'','Choreography',3,NULL,NULL,NULL),(21,'2017-04-11 13:35:32','2017-04-11 13:35:32',19,68,'ar triplestepiem, pustoru astotnieku','Choreography',3,NULL,NULL,NULL),(22,'2017-04-11 14:00:55','2017-04-11 14:00:55',20,NULL,'Pārejas solis','Choreography',3,NULL,NULL,NULL),(23,'2017-04-11 14:01:18','2017-04-11 14:01:18',21,69,'Puse no astotnieka','Choreography',3,NULL,NULL,NULL),(24,'2017-04-11 17:08:48','2017-04-11 17:08:48',22,75,'','Choreography',3,NULL,NULL,NULL),(25,'2017-04-11 17:43:56','2017-04-11 17:43:56',23,76,'','Choreography',3,NULL,NULL,NULL),(26,'2017-04-26 09:03:22','2017-04-26 09:03:22',1,2,'Labā, Kreisā, Labā, Labā','Choreography',1,NULL,NULL,NULL),(27,'2017-04-26 09:03:50','2017-04-26 09:03:50',2,2,'Kreisā, Labā, Kreisā, Kreisā','Choreography',1,NULL,NULL,NULL),(28,'2017-04-26 09:04:02','2017-04-26 09:04:02',3,2,'Labā, Kreisā, Labā, Labā','Choreography',1,NULL,NULL,NULL),(29,'2017-04-26 09:04:52','2017-04-26 09:04:52',4,6,'','Choreography',1,NULL,NULL,NULL),(30,'2017-04-26 09:08:20','2017-04-26 09:08:20',5,93,'Labā kāja pa priekšu. Divas reizes.','Choreography',1,NULL,NULL,NULL),(31,'2017-04-26 09:08:31','2017-04-26 09:08:31',6,94,'','Choreography',1,NULL,NULL,NULL),(32,'2017-04-26 09:09:01','2017-04-26 09:09:01',7,93,'Kreisā kāja pa priekšu. Divas reizes.','Choreography',1,NULL,NULL,NULL),(33,'2017-04-26 09:10:06','2017-04-26 09:10:06',8,94,'','Choreography',1,NULL,NULL,NULL),(34,'2017-04-26 09:10:21','2017-04-26 09:10:21',9,93,'Labā kāja pa priekšu. Divas reizes.','Choreography',1,NULL,NULL,NULL),(35,'2017-04-26 09:11:50','2017-04-26 09:11:50',10,94,'Divas reizes. Pēc otrās reizes izlaiž vienu sitienu, kura laikā paliek sakrustotas kājas.','Choreography',1,NULL,NULL,NULL),(36,'2017-04-26 09:14:23','2017-04-26 09:14:23',11,3,'Parastais divas reizes','Choreography',1,NULL,NULL,NULL),(37,'2017-04-26 09:16:42','2017-04-26 09:16:42',12,3,'Pēdējā triple step vietā veic divus soļus sāniski pa labi, lai ieietu break pozīcijā.','Choreography',1,NULL,NULL,NULL),(38,'2017-04-26 09:17:02','2017-04-26 09:17:02',13,6,'','Choreography',1,NULL,NULL,NULL),(39,'2017-04-26 09:20:45','2017-04-26 09:20:45',14,7,'Divas reizes','Choreography',1,NULL,NULL,NULL),(40,'2017-04-26 09:21:01','2017-04-26 09:21:01',15,6,'','Choreography',1,NULL,NULL,NULL),(41,'2017-04-26 09:21:19','2017-04-26 09:21:19',16,7,'Divas reizes','Choreography',1,NULL,NULL,NULL),(42,'2017-04-26 09:21:47','2017-04-26 09:21:47',17,6,'','Choreography',1,NULL,NULL,NULL),(43,'2017-04-26 09:24:19','2017-04-26 09:24:19',18,2,'Labā, Kreisā, Labā, Labā','Choreography',1,NULL,NULL,NULL),(44,'2017-04-26 09:24:44','2017-04-26 09:24:44',19,2,'Kreisā, Labā, Kreisā, Kreisā','Choreography',1,NULL,NULL,NULL),(45,'2017-04-26 09:25:06','2017-04-26 09:25:06',20,2,'Labā, Kreisā, Labā, Labā','Choreography',1,NULL,NULL,NULL),(46,'2017-04-26 09:25:48','2017-04-26 09:25:48',21,95,'','Choreography',1,NULL,NULL,NULL),(58,'2017-05-30 10:38:42','2017-06-02 12:53:15',6,NULL,'Slide back','Choreography',4,NULL,NULL,NULL),(59,'2017-05-30 10:39:53','2018-08-27 07:35:39',7,64,'Left foot front. Do this for two eight counts','Choreography',4,NULL,1,NULL),(56,'2017-05-30 10:21:28','2017-06-02 12:53:15',5,NULL,'Switch step','Choreography',4,NULL,NULL,NULL),(66,'2017-06-02 05:40:51','2018-08-27 07:40:13',12,69,'Two eight counts to the left','Choreography',4,NULL,1,NULL),(51,'2017-05-30 09:50:59','2018-08-27 07:34:55',1,112,'Repeat for three eight counts','Choreography',4,NULL,1,NULL),(52,'2017-05-30 09:54:57','2017-06-19 06:56:37',2,134,'','Choreography',4,NULL,NULL,NULL),(67,'2017-06-05 18:58:28','2017-06-05 18:58:28',13,117,'Sāk ar fall off the log pirmo daļu, kuras laikā pagriežas uz apļa āru. Pirmo astotnieku skrienu uz apļa āru, bet otrajā pagriežas pretējā virzienā un skrien uz apļa iekšpusi','Choreography',4,NULL,NULL,NULL),(54,'2017-05-30 10:20:11','2017-06-02 12:53:15',3,NULL,'Stomps with pull back','Choreography',4,NULL,NULL,NULL),(55,'2017-05-30 10:21:11','2017-06-02 12:53:15',4,NULL,'Clap Jump','Choreography',4,NULL,NULL,NULL),(60,'2017-05-30 10:41:01','2018-08-27 07:37:26',8,63,'With elbows','Choreography',4,NULL,1,NULL),(62,'2017-05-30 16:18:58','2017-05-30 16:18:58',2,NULL,'sssssssss','Choreography',5,NULL,NULL,NULL),(63,'2017-06-01 10:25:17','2018-08-27 07:36:31',9,66,'Kick ball change version','Choreography',4,NULL,1,NULL),(64,'2017-06-01 10:29:47','2018-08-27 07:39:43',10,4,'Two eight counts. On the second eight count turn 180 degrees during kick ball change so you\'re facing outside the circle','Choreography',4,NULL,1,NULL),(65,'2017-06-01 10:43:54','2017-06-02 12:59:03',11,116,'','Choreography',4,NULL,NULL,NULL),(68,'2017-06-05 19:02:24','2017-06-05 19:06:31',14,118,'4 astotnieki. Iet pa apli pretēji pulksteņa rādītāja virzienam.','Choreography',4,NULL,NULL,NULL),(69,'2017-06-14 06:28:18','2017-06-14 06:28:18',15,120,'Trīs reizes','Choreography',4,NULL,NULL,NULL),(70,'2017-06-14 06:39:44','2017-06-14 06:39:44',16,NULL,'Transition','Choreography',4,NULL,NULL,NULL),(71,'2017-06-14 06:40:34','2017-06-14 06:40:34',17,121,'','Choreography',4,NULL,NULL,NULL),(72,'2017-06-14 06:40:42','2017-06-16 09:58:34',20,66,'','Choreography',4,NULL,NULL,NULL),(73,'2017-06-14 06:42:39','2017-06-16 09:58:34',21,122,'','Choreography',4,NULL,NULL,NULL),(74,'2017-06-14 06:43:56','2017-06-16 09:58:34',22,68,'','Choreography',4,NULL,NULL,NULL),(75,'2017-06-14 06:45:49','2017-06-16 09:58:34',23,5,'Sāk fall of the log un ieiet arm lock pozīcijā','Choreography',4,NULL,NULL,NULL),(76,'2017-06-14 08:20:01','2017-06-16 09:58:34',24,NULL,'Run Around 2x8count','Choreography',4,NULL,NULL,NULL),(77,'2017-06-14 08:24:37','2017-06-16 09:58:34',25,123,'Veidojot london bridge, līderi ir ar muguru pret skatītājiem','Choreography',4,NULL,NULL,NULL),(78,'2017-06-14 08:26:34','2017-06-16 09:58:34',26,NULL,'Plaukšķināšana','Choreography',4,NULL,NULL,NULL),(79,'2017-06-14 08:27:00','2017-06-16 09:58:34',27,NULL,'Break uz vienotu līniju','Choreography',4,NULL,NULL,NULL),(80,'2017-06-15 17:01:01','2017-06-16 09:58:34',28,NULL,'Transition step','Choreography',4,NULL,NULL,NULL),(81,'2017-06-15 17:01:20','2017-06-16 09:58:34',29,NULL,'Kick forward charleston','Choreography',4,NULL,NULL,NULL),(82,'2017-06-15 17:17:09','2017-06-16 09:58:34',30,124,'4 uz kreisās kājas, 4 uz labās. Nobeidz ar ball, change','Choreography',4,NULL,NULL,NULL),(83,'2017-06-15 17:17:21','2017-06-16 09:58:34',31,5,'','Choreography',4,NULL,NULL,NULL),(84,'2017-06-15 17:24:09','2017-06-16 09:58:34',32,NULL,'Transition - 8, 1, 2, 3','Choreography',4,NULL,NULL,NULL),(85,'2017-06-15 17:25:16','2017-06-16 09:58:34',33,64,'','Choreography',4,NULL,NULL,NULL),(86,'2017-06-15 17:27:53','2017-06-16 09:58:34',34,NULL,'plaukšķina uz nepāra cipariem','Choreography',4,NULL,NULL,NULL),(87,'2017-06-15 17:55:11','2017-06-16 09:58:34',35,9,'','Choreography',4,NULL,NULL,NULL),(88,'2017-06-15 17:57:49','2017-06-16 09:58:34',36,125,'','Choreography',4,NULL,NULL,NULL),(89,'2017-06-15 17:58:33','2017-06-16 09:58:34',37,126,'','Choreography',4,NULL,NULL,NULL),(90,'2017-06-16 08:59:11','2017-06-16 09:58:34',38,68,'Knee slap, triple step right; Knee slap, triple step left.','Choreography',4,NULL,NULL,NULL),(91,'2017-06-16 09:01:49','2017-06-16 09:58:34',39,69,'','Choreography',4,NULL,NULL,NULL),(92,'2017-06-16 09:02:40','2017-06-16 09:58:34',40,120,'','Choreography',4,NULL,NULL,NULL),(93,'2017-06-16 09:03:34','2017-06-16 09:58:34',41,69,'','Choreography',4,NULL,NULL,NULL),(94,'2017-06-16 09:04:48','2017-06-16 09:58:34',42,120,'','Choreography',4,NULL,NULL,NULL),(95,'2017-06-16 09:54:27','2017-06-16 09:59:04',18,63,'8 līdz 3','Choreography',4,NULL,NULL,NULL),(96,'2017-06-16 09:58:21','2017-06-16 09:59:43',19,132,'4 līdz 7','Choreography',4,NULL,NULL,NULL),(97,'2017-06-19 06:49:31','2017-06-19 06:49:31',43,133,'','Choreography',4,NULL,NULL,NULL),(98,'2017-06-19 06:53:50','2017-06-19 06:53:50',44,66,'','Choreography',4,NULL,NULL,NULL),(99,'2017-06-19 06:56:20','2017-06-19 06:56:20',45,134,'','Choreography',4,NULL,NULL,NULL),(100,'2017-06-19 07:00:08','2017-06-19 07:00:08',46,135,'Iet nost no \"skatuves\"','Choreography',4,NULL,NULL,NULL),(101,'2017-08-07 08:51:33','2017-08-07 08:51:33',24,5,'jumping backward','Choreography',3,NULL,NULL,NULL),(102,'2017-08-07 08:52:36','2017-08-07 08:52:36',25,162,'','Choreography',3,NULL,NULL,NULL),(103,'2017-08-07 08:53:16','2017-08-07 08:53:16',26,163,'','Choreography',3,NULL,NULL,NULL),(104,'2017-08-07 08:53:55','2017-08-07 08:53:55',27,164,'','Choreography',3,NULL,NULL,NULL),(105,'2017-08-07 08:55:50','2017-08-07 08:55:50',28,165,'','Choreography',3,NULL,NULL,NULL),(106,'2017-09-21 10:21:18','2017-09-21 10:21:18',1,NULL,'Touch, down - 4 reizes. Divas uz priekšu, divas atpakaļ','Choreography',7,NULL,NULL,NULL),(107,'2017-09-21 10:21:38','2017-09-21 10:21:38',2,130,'','Choreography',7,NULL,NULL,NULL),(108,'2017-09-21 10:26:01','2017-09-21 10:26:01',3,172,'1-4 normālā ātrumā, 5-8 uz katru sitienu','Choreography',7,NULL,NULL,NULL),(109,'2017-09-21 10:26:58','2017-09-21 12:17:39',12,NULL,'1-6 Pauze','Choreography',7,NULL,NULL,NULL),(110,'2017-09-21 10:33:20','2017-09-21 12:17:39',13,173,'7-8','Choreography',7,NULL,NULL,NULL),(111,'2017-09-21 10:34:58','2017-09-21 10:35:01',4,NULL,'1-8 Pauze','Choreography',7,NULL,NULL,NULL),(112,'2017-09-21 10:37:01','2017-09-21 10:41:01',5,125,'ar slīdināšanu un down beigās','Choreography',7,NULL,NULL,NULL),(113,'2017-09-21 10:38:25','2017-09-21 10:41:01',6,125,'ar cross kick uzsvaru uz 6','Choreography',7,NULL,NULL,NULL),(114,'2017-09-21 10:39:08','2017-09-21 12:07:14',7,125,'ar cross kick spin(video nepareiza kustība)','Choreography',7,NULL,NULL,NULL),(115,'2017-09-21 12:05:41','2017-09-21 12:05:46',8,174,'1-4 kick, 5-7 crazy legs, pēdējo crazy leg nobeidz ar kick','Choreography',7,NULL,NULL,NULL),(116,'2017-09-21 12:13:30','2017-09-21 12:14:45',9,125,'ar tic toc uz vienas kājas','Choreography',7,NULL,NULL,NULL),(117,'2017-09-21 12:15:42','2017-09-21 12:15:58',10,125,'ar cross > spin','Choreography',7,NULL,NULL,NULL),(118,'2017-09-21 12:17:33','2017-09-21 12:17:39',11,NULL,'Kick, where\'s the beach?, kick, kick','Choreography',7,NULL,NULL,NULL),(119,'2017-09-21 12:29:11','2017-09-21 12:29:11',14,63,'1-4','Choreography',7,NULL,NULL,NULL),(120,'2017-09-21 12:29:35','2017-09-21 12:29:35',15,NULL,'5-8 Elvis','Choreography',7,NULL,NULL,NULL),(121,'2017-09-21 12:33:24','2017-09-21 12:33:24',16,121,'1-4 Charleston ar 90 grādu iegriezinu pa kreisi, 5-8 fish tails','Choreography',7,NULL,NULL,NULL),(122,'2017-09-21 13:04:22','2017-09-21 13:04:22',17,NULL,'Steps','Choreography',7,NULL,NULL,NULL),(123,'2017-09-21 13:05:29','2017-09-21 13:05:29',18,NULL,'Sexy','Choreography',7,NULL,NULL,NULL),(124,'2017-10-31 12:17:10','2017-10-31 12:17:10',1,11,'ar kickiem','Choreography',6,NULL,NULL,NULL),(125,'2017-10-31 12:17:40','2017-10-31 12:17:40',2,NULL,'Uz atvērto','Choreography',6,NULL,NULL,NULL),(126,'2017-10-31 12:18:39','2017-10-31 12:18:39',3,11,'atvērtajā','Choreography',6,NULL,NULL,NULL),(127,'2017-10-31 12:19:07','2017-10-31 12:19:07',4,16,'Samainot rokas','Choreography',6,NULL,NULL,NULL),(128,'2017-10-31 12:23:12','2017-10-31 12:23:12',1,NULL,'Freestyle','Choreography',8,NULL,NULL,NULL),(129,'2017-10-31 12:25:09','2017-10-31 12:29:32',2,175,'Side by side basic','Choreography',8,NULL,NULL,NULL),(130,'2017-10-31 12:26:02','2017-10-31 12:31:57',3,175,'no 6 līdz 8 uztaisa trīs stomp-off','Choreography',8,NULL,NULL,NULL),(131,'2017-10-31 12:32:40','2017-11-04 16:23:18',4,175,'Back step, kick, twist, twist, down','Choreography',8,NULL,NULL,NULL),(132,'2017-10-31 12:35:06','2017-10-31 12:38:24',5,175,'5-8 divi kicki ar iekšējo kāju veicot 180 pagriezienu uz āru. Dara divas reizes','Choreography',8,NULL,NULL,NULL),(133,'2017-11-05 09:57:17','2017-11-05 09:57:17',6,NULL,'Back step, down, followeru lēciens uz priekšu. Pirms \"down\" līderis saķer foloweri aiz gurniem.','Choreography',8,NULL,NULL,NULL),(134,'2017-11-05 14:26:50','2017-11-05 14:27:05',7,NULL,'Dāmu shine: Boogey drop','Choreography',8,NULL,NULL,NULL),(135,'2017-11-05 14:29:33','2017-11-05 14:29:33',8,NULL,'Dāmu shine: Jazz box','Choreography',8,NULL,NULL,NULL),(136,'2017-11-05 14:30:51','2017-11-05 14:30:51',9,NULL,'Dāmu shine: Pivot','Choreography',8,NULL,NULL,NULL),(137,'2017-11-05 14:32:56','2017-11-05 14:33:21',10,NULL,'Dāmu shine: Mambo','Choreography',8,NULL,NULL,NULL),(138,'2017-11-05 14:34:58','2017-11-05 14:34:58',11,NULL,'Dāmu shine: run on the log','Choreography',8,NULL,NULL,NULL),(139,'2017-11-05 14:36:35','2017-11-05 14:38:02',12,NULL,'Dāmu shine: lock step > turn > 4 soļi atmuguriski','Choreography',8,NULL,NULL,NULL),(140,'2017-11-05 17:16:51','2017-11-05 17:16:51',13,NULL,'Boogey forward','Choreography',8,NULL,NULL,NULL),(141,'2017-11-05 17:22:26','2017-11-05 17:22:26',14,176,'','Choreography',8,NULL,NULL,NULL),(142,'2017-11-05 17:22:52','2017-11-05 17:22:52',15,12,'','Choreography',8,NULL,NULL,NULL),(143,'2017-11-05 17:27:21','2017-11-05 17:27:21',16,12,'ar 270 grādu ārējo griezienu','Choreography',8,NULL,NULL,NULL),(144,'2017-11-05 17:27:40','2017-11-05 17:28:12',17,74,'(divi tripple step, ārējās kājas paceltas)','Choreography',8,NULL,NULL,NULL),(145,'2017-11-05 19:57:46','2017-11-05 19:57:46',18,NULL,'Men shine: Shady step (4 soļi ar kreiso sānu, 2 ar labo, slide)','Choreography',8,NULL,NULL,NULL),(146,'2017-11-05 20:03:51','2017-11-05 20:04:12',19,NULL,'Men shine: 1-4 Fall of the log pa labi, 5-6 freeze, 7-8 triple step','Choreography',8,NULL,NULL,NULL),(147,'2017-11-05 20:16:51','2017-11-05 20:20:29',20,NULL,'Men shine: Step, step, eagle slide','Choreography',8,NULL,NULL,NULL),(148,'2017-11-05 20:27:32','2017-11-05 20:27:32',21,NULL,'All shine: 1-4 Fall of the log pa labi, 5-6 freeze, 7-8 triple step','Choreography',8,NULL,NULL,NULL),(149,'2017-11-05 20:28:12','2017-11-05 20:28:12',22,NULL,'All shine: Step, step, eagle slide','Choreography',8,NULL,NULL,NULL),(150,'2017-11-05 20:31:08','2017-11-05 21:34:15',23,NULL,'Visi sanāk čupiņā (divi astotnieki)','Choreography',8,NULL,NULL,NULL),(151,'2017-11-05 20:31:33','2017-11-05 20:39:33',24,NULL,'Shady step uz līniju (foloweri aiz līderiem, divi akcenti)','Choreography',8,NULL,NULL,NULL),(152,'2017-11-05 20:40:19','2017-11-05 20:40:19',25,NULL,'Rocks','Choreography',8,NULL,NULL,NULL),(153,'2017-11-05 20:41:57','2017-11-05 20:41:57',26,NULL,'Pivot (kungi pa labi, dāmas pa kreisi)','Choreography',8,NULL,NULL,NULL),(154,'2017-11-05 20:49:42','2017-11-05 20:49:42',27,175,'Back step, kick, divi kicki veicot 180 grādu griezienu pa labi - abi kicki jau līnijas otrā posē, veicot tos labo roku ceļ augšā un saka \"u-u\".','Choreography',8,NULL,NULL,NULL),(155,'2017-11-05 21:02:07','2017-11-05 21:02:07',28,NULL,'Back step, kick, right foot touch forward, right foot touch back','Choreography',8,NULL,NULL,NULL),(156,'2017-11-05 21:03:46','2017-11-05 21:03:46',29,NULL,'1-2 lock step, 3-4 turn, 5-8 soļi atmuguriski ar jazz hands skatītāju virzienā','Choreography',8,NULL,NULL,NULL),(157,'2017-11-05 21:04:16','2017-11-05 21:04:16',30,26,'3 reizes','Choreography',8,NULL,NULL,NULL),(158,'2017-11-05 21:11:42','2017-11-05 21:11:42',31,14,'3 reizes','Choreography',8,NULL,NULL,NULL),(159,'2017-11-05 21:13:41','2017-11-05 21:13:57',32,NULL,'4 count under arm - 3 reizes','Choreography',8,NULL,NULL,NULL),(160,'2017-11-05 21:20:48','2017-11-05 21:20:48',33,NULL,'Back step, step, step uz slēgto pozīciju. Līderi uz viena ceļa, aiz vidukļa iegriež followerus ','Choreography',8,NULL,NULL,NULL),(161,'2017-11-07 12:49:14','2017-11-07 12:51:06',1,NULL,'4 x Intro (freestyle)','Choreography',14,NULL,NULL,NULL),(166,'2017-11-07 12:54:39','2017-11-07 12:54:39',3,NULL,'Out & Ins (left, right starting on a, 1)','Choreography',14,NULL,NULL,NULL),(167,'2017-11-07 12:58:08','2017-11-07 12:58:08',4,NULL,'Running (left, right)','Choreography',14,NULL,NULL,NULL),(165,'2017-11-07 12:50:07','2017-11-07 12:50:55',2,NULL,'6 x Basic (Triple, Triple, Kick Bal Change) starting with Triple','Choreography',14,NULL,NULL,NULL),(168,'2017-11-07 12:58:36','2017-11-07 12:58:36',5,NULL,'Rolls (left right) (1-6), Kick Ball Change (7-8)','Choreography',14,NULL,NULL,NULL),(169,'2017-11-07 13:03:15','2017-11-07 13:03:15',6,NULL,'Basic (starting with Triple Step), end phrase with Triple Step on left to start with hop on left or Kick Fwd and Back with left to start with hop onto left (7-8)','Choreography',14,NULL,NULL,NULL),(170,'2017-11-07 13:04:48','2017-11-07 13:04:48',7,NULL,'Double Kick Around (start right, change foot on a)','Choreography',14,NULL,NULL,NULL),(171,'2017-11-07 13:04:57','2017-11-07 13:04:57',8,NULL,'Double Kick Around','Choreography',14,NULL,NULL,NULL),(172,'2017-11-07 13:16:11','2017-11-07 13:16:11',9,NULL,'Triple steps','Choreography',14,NULL,NULL,NULL),(173,'2017-11-07 13:16:45','2017-11-07 13:16:45',10,NULL,'Triple steps, 5-7 jump','Choreography',14,NULL,NULL,NULL),(174,'2017-11-18 09:07:02','2017-11-18 09:07:02',1,NULL,'Intro','Choreography',15,NULL,NULL,NULL),(175,'2017-11-18 09:08:46','2017-11-18 09:08:46',2,NULL,'8 Plaukšķis, 1 labās kājas solis priekšā, 1-7 grunu grozīšana','Choreography',15,NULL,NULL,NULL),(176,'2017-11-18 09:12:13','2017-11-18 09:12:13',3,NULL,'8 Plaukšķis, 1 kreisās kājas solis priekšā, 1-7 grunu grozīšana','Choreography',15,NULL,NULL,NULL),(177,'2017-11-18 09:13:49','2017-11-18 09:13:49',4,NULL,'8 Plaukšķis, 1 labās kājas solis priekšā, 1-7 plecu grozīšana','Choreography',15,NULL,NULL,NULL),(178,'2017-11-18 09:14:08','2017-11-18 09:14:08',5,NULL,'8 Plaukšķis, 1 kreisās kājas solis priekšā, 1-7 plecu grozīšana','Choreography',15,NULL,NULL,NULL),(179,'2017-11-18 09:15:39','2017-11-18 09:15:39',6,NULL,'Chill iesēdieni','Choreography',15,NULL,NULL,NULL),(180,'2017-11-18 09:18:04','2017-11-18 09:18:04',7,NULL,'Chill iesēdieni','Choreography',15,NULL,NULL,NULL),(181,'2017-11-18 09:19:44','2017-11-18 09:19:44',8,NULL,'Rubber side steps','Choreography',15,NULL,NULL,NULL),(182,'2017-11-18 09:20:33','2017-11-18 09:20:33',9,NULL,'Rubber side steps','Choreography',15,NULL,NULL,NULL),(183,'2017-12-11 16:16:44','2017-12-11 16:34:27',5,11,'','Choreography',16,NULL,NULL,NULL),(184,'2017-12-11 16:17:08','2017-12-11 16:34:27',6,NULL,'Send out','Choreography',16,NULL,NULL,NULL),(185,'2017-12-11 16:17:32','2017-12-11 16:39:27',8,NULL,'Blakus pa kreisi','Choreography',16,NULL,NULL,NULL),(186,'2017-12-11 16:20:51','2017-12-11 16:39:27',9,NULL,'Abi pāriet uz otru ceļa pusi','Choreography',16,NULL,NULL,NULL),(187,'2017-12-11 16:21:04','2017-12-11 16:39:27',10,NULL,'puse no texas tommy','Choreography',16,NULL,NULL,NULL),(188,'2017-12-11 16:24:41','2017-12-11 16:40:29',12,NULL,'hand to hand','Choreography',16,NULL,NULL,NULL),(189,'2017-12-11 16:29:29','2017-12-11 16:32:29',1,26,'','Choreography',16,NULL,NULL,NULL),(190,'2017-12-11 16:32:51','2017-12-11 16:33:04',2,26,'','Choreography',16,NULL,NULL,NULL),(191,'2017-12-11 16:33:46','2017-12-11 16:33:57',3,26,'','Choreography',16,NULL,NULL,NULL),(192,'2017-12-11 16:34:14','2017-12-11 16:34:27',4,176,'','Choreography',16,NULL,NULL,NULL),(193,'2017-12-11 16:39:13','2017-12-11 16:39:27',7,NULL,'Dāmu pagrieziens','Choreography',16,NULL,NULL,NULL),(194,'2017-12-11 16:40:12','2017-12-11 16:40:29',11,26,'','Choreography',16,NULL,NULL,NULL),(195,'2017-12-11 16:41:02','2017-12-11 16:41:02',13,NULL,'Hand to hand basic','Choreography',16,NULL,NULL,NULL),(196,'2017-12-11 16:41:22','2017-12-11 16:41:22',14,NULL,'Izgājiens no hand to hand','Choreography',16,NULL,NULL,NULL),(197,'2017-12-11 16:56:01','2017-12-11 16:56:01',15,NULL,'SOLO','Choreography',16,NULL,NULL,NULL),(198,'2017-12-11 16:57:19','2017-12-11 16:57:19',16,NULL,'Shorty George','Choreography',16,NULL,NULL,NULL),(199,'2017-12-11 16:58:27','2017-12-11 16:58:27',17,NULL,'Up, up, up... down, down','Choreography',16,NULL,NULL,NULL),(200,'2017-12-11 16:59:10','2017-12-11 16:59:10',18,26,'','Choreography',16,NULL,NULL,NULL),(201,'2017-12-11 16:59:21','2017-12-11 16:59:21',19,26,'','Choreography',16,NULL,NULL,NULL),(202,'2017-12-11 16:59:47','2017-12-11 16:59:47',20,24,'Grieziena variācija','Choreography',16,NULL,NULL,NULL),(203,'2017-12-11 17:00:13','2017-12-11 17:00:13',21,24,'parastais','Choreography',16,NULL,NULL,NULL),(204,'2017-12-11 17:00:30','2017-12-11 17:00:30',22,NULL,'No tandem uz side by side','Choreography',16,NULL,NULL,NULL),(205,'2017-12-11 17:01:39','2017-12-11 17:01:39',23,25,'','Choreography',16,NULL,NULL,NULL),(206,'2017-12-11 17:02:22','2017-12-11 17:02:22',24,NULL,'Swing out aizsūta meitenes, tad pienāk čaļi','Choreography',16,NULL,NULL,NULL),(207,'2017-12-14 16:18:59','2017-12-14 16:18:59',1,26,'No aizmugures','Choreography',17,NULL,NULL,NULL),(208,'2017-12-14 16:20:25','2017-12-14 16:20:25',2,NULL,'8 count uz slēgto un atpakaļ ārā','Choreography',17,NULL,NULL,NULL),(209,'2017-12-14 16:20:59','2017-12-14 16:20:59',3,176,'','Choreography',17,NULL,NULL,NULL),(210,'2017-12-14 16:22:28','2017-12-14 16:22:28',4,169,'Pagarināts ar swiveliem','Choreography',17,NULL,NULL,NULL),(211,'2017-12-14 16:24:06','2017-12-14 16:24:06',5,26,'saglabā abu roku kontaktu','Choreography',17,NULL,NULL,NULL),(212,'2017-12-14 16:35:14','2017-12-14 16:36:44',6,NULL,'1-2 triple pa kreisi, 3-4 šūpiens uz vienu pusi, 5-6 šūpiens uz otru pusi, 7-8 spins - spina laikā samaina rokas','Choreography',17,NULL,NULL,NULL),(213,'2017-12-14 16:38:13','2017-12-14 16:38:13',7,26,'it kā aicina uz colsed, tad izmanto, to, ka ir labā-labā satveriens','Choreography',17,NULL,NULL,NULL),(214,'2017-12-14 16:48:48','2017-12-14 16:48:48',8,NULL,'sašķirojas puiši un meitenes','Choreography',17,NULL,NULL,NULL),(215,'2017-12-14 16:54:58','2017-12-14 16:54:58',9,NULL,'Solo partija','Choreography',17,NULL,NULL,NULL),(216,'2017-12-14 16:58:18','2017-12-14 16:58:18',10,27,'Caur texas tommu pie meitenēm tuvākais calis, tālākajam nosūta tuvāko meiteni','Choreography',17,NULL,NULL,NULL),(217,'2017-12-14 16:58:36','2017-12-14 17:10:22',11,26,'samaina rokas uz labā-labā satverienu','Choreography',17,NULL,NULL,NULL),(218,'2017-12-14 17:12:11','2017-12-14 17:12:11',12,NULL,'triplestep, dīps, izstumj ārā','Choreography',17,NULL,NULL,NULL),(219,'2017-12-14 17:14:56','2017-12-14 17:14:56',13,26,'variācija ar pretkustību','Choreography',17,NULL,NULL,NULL),(220,'2017-12-14 17:16:57','2017-12-14 17:16:57',14,NULL,'divi lēni soļi un četri ātri uz atvērto pozīciju','Choreography',17,NULL,NULL,NULL),(221,'2018-02-22 12:00:42','2018-02-22 13:05:11',29,5,'going backward ar hot potatoe','Choreography',3,NULL,NULL,NULL),(222,'2018-02-22 12:01:31','2018-02-22 12:01:31',30,124,'','Choreography',3,NULL,NULL,NULL),(223,'2018-02-22 12:02:43','2018-02-22 13:09:17',32,182,'','Choreography',3,NULL,NULL,NULL),(224,'2018-02-22 12:51:03','2018-02-22 13:07:23',33,NULL,'Walk about','Choreography',3,NULL,NULL,NULL),(225,'2018-02-22 12:52:41','2018-02-22 13:07:23',34,130,'Pa labi','Choreography',3,NULL,NULL,NULL),(226,'2018-02-22 13:03:10','2018-02-22 13:07:23',35,112,'Shouts (hip forward, back & side to side )','Choreography',3,NULL,NULL,NULL),(227,'2018-02-22 13:04:04','2018-02-22 13:07:23',36,68,'pa divām reizēm pirms kājas maiņas','Choreography',3,NULL,NULL,NULL),(228,'2018-02-22 13:07:18','2018-02-22 13:07:23',31,131,'','Choreography',3,NULL,NULL,NULL),(229,'2018-08-29 06:40:21','2018-08-29 07:09:51',1,NULL,'Intro - stand still','Choreography',19,1,1,NULL),(230,'2018-08-29 07:05:38','2018-08-29 07:11:14',2,NULL,'Move head left, right, left to the beat. Repeat four times (I know - in video only twice)','Choreography',19,1,1,NULL),(231,'2018-08-29 07:08:19','2018-08-29 07:32:00',3,NULL,'Flexing wave','Choreography',19,1,1,NULL),(232,'2018-08-29 07:33:47','2018-09-04 09:03:21',8,276,'Do Gwara on 3,4 and 7,8','Choreography',19,1,1,NULL),(233,'2018-08-29 07:40:17','2018-08-29 08:06:19',4,295,'add accents on 1,2 and 5,6 starting from second half of second eight count','Choreography',19,1,1,NULL),(234,'2018-08-29 08:06:03','2018-08-29 08:29:55',5,NULL,'Free style - for inspiration look at dancers in background','Choreography',19,1,1,NULL),(235,'2018-08-29 08:29:43','2018-08-29 08:30:00',6,NULL,'Gorilla','Choreography',19,1,1,NULL),(237,'2018-09-25 17:22:02','2018-09-25 17:22:02',1,2,'Not standard version','Choreography',20,1,1,NULL),(238,'2018-09-25 17:22:18','2018-09-25 17:22:18',2,6,NULL,'Choreography',20,1,1,NULL),(239,'2018-09-25 17:25:01','2018-09-25 17:25:01',3,NULL,'Push, push, cross, forward variation','Choreography',20,1,1,NULL),(240,'2018-09-25 17:25:28','2018-09-25 17:25:28',4,NULL,'Cross forward variation done suzi style','Choreography',20,1,1,NULL),(241,'2018-09-25 17:26:01','2018-09-25 17:26:01',5,3,'non standart','Choreography',20,1,1,NULL),(242,'2018-09-25 17:26:22','2018-09-25 17:26:22',6,6,NULL,'Choreography',20,1,1,NULL),(243,'2018-09-25 17:26:38','2018-09-25 17:26:38',7,7,NULL,'Choreography',20,1,1,NULL),(244,'2018-09-25 17:26:53','2018-09-25 17:26:53',8,6,NULL,'Choreography',20,1,1,NULL),(245,'2018-09-25 17:28:28','2018-09-25 17:28:28',9,7,NULL,'Choreography',20,1,1,NULL),(246,'2018-09-25 17:28:38','2018-09-25 17:28:38',10,6,NULL,'Choreography',20,1,1,NULL),(247,'2018-09-25 17:28:58','2018-09-25 17:28:58',11,2,NULL,'Choreography',20,1,1,NULL),(248,'2018-09-25 17:29:22','2018-09-25 17:29:22',12,6,NULL,'Choreography',20,1,1,NULL),(249,'2019-09-11 05:29:24','2019-09-11 05:29:24',1,NULL,'Shim Sham leading with right foot','Choreography',21,1,1,NULL),(250,'2019-09-11 05:29:35','2019-09-11 05:29:35',2,NULL,'Shim Sham leading with left foot','Choreography',21,1,1,NULL),(251,'2019-09-11 05:29:42','2019-09-11 05:29:42',3,NULL,'Shim Sham leading with right foot','Choreography',21,1,1,NULL),(252,'2019-09-11 05:29:50','2019-09-11 05:29:50',4,NULL,'Break','Choreography',21,1,1,NULL),(253,'2019-09-11 05:33:23','2019-09-11 05:33:23',5,NULL,'Push - Cross over to right','Choreography',21,1,1,NULL),(254,'2019-09-11 05:33:34','2019-09-11 05:33:34',6,NULL,'Push - Cross over to left','Choreography',21,1,1,NULL),(255,'2019-09-11 05:33:41','2019-09-11 05:33:41',7,NULL,'Push - Cross over to right','Choreography',21,1,1,NULL),(256,'2019-09-11 05:34:20','2019-09-11 05:34:30',8,NULL,'Cross over to left','Choreography',21,1,1,NULL),(257,'2019-09-11 05:34:43','2019-09-11 05:34:43',9,NULL,'Cross over to right','Choreography',21,1,1,NULL);
/*!40000 ALTER TABLE `components` ENABLE KEYS */;
UNLOCK TABLES;

--
-- Table structure for table `dairies`
--

DROP TABLE IF EXISTS `dairies`;
/*!40101 SET @saved_cs_client     = @@character_set_client */;
/*!50503 SET character_set_client = utf8mb4 */;
CREATE TABLE `dairies` (
  `id` int(10) unsigned NOT NULL AUTO_INCREMENT,
  `created_at` timestamp NULL DEFAULT NULL,
  `updated_at` timestamp NULL DEFAULT NULL,
  `title` varchar(255) COLLATE utf8_unicode_ci NOT NULL,
  `description` text COLLATE utf8_unicode_ci DEFAULT NULL,
  `dance_id` int(11) NOT NULL,
  `difficulty_id` int(11) NOT NULL,
  PRIMARY KEY (`id`)
) ENGINE=MyISAM DEFAULT CHARSET=utf8 COLLATE=utf8_unicode_ci;
/*!40101 SET character_set_client = @saved_cs_client */;

--
-- Dumping data for table `dairies`
--

LOCK TABLES `dairies` WRITE;
/*!40000 ALTER TABLE `dairies` DISABLE KEYS */;
/*!40000 ALTER TABLE `dairies` ENABLE KEYS */;
UNLOCK TABLES;

--
-- Table structure for table `dance_families`
--

DROP TABLE IF EXISTS `dance_families`;
/*!40101 SET @saved_cs_client     = @@character_set_client */;
/*!50503 SET character_set_client = utf8mb4 */;
CREATE TABLE `dance_families` (
  `id` int(10) unsigned NOT NULL AUTO_INCREMENT,
  `created_at` timestamp NULL DEFAULT NULL,
  `updated_at` timestamp NULL DEFAULT NULL,
  `deleted_at` timestamp NULL DEFAULT NULL,
  `name` varchar(191) COLLATE utf8mb4_unicode_ci NOT NULL,
  `created_by` int(10) unsigned DEFAULT NULL,
  `updated_by` int(10) unsigned DEFAULT NULL,
  `deleted_by` int(10) unsigned DEFAULT NULL,
  PRIMARY KEY (`id`)
) ENGINE=InnoDB AUTO_INCREMENT=4 DEFAULT CHARSET=utf8mb4 COLLATE=utf8mb4_unicode_ci;
/*!40101 SET character_set_client = @saved_cs_client */;

--
-- Dumping data for table `dance_families`
--

LOCK TABLES `dance_families` WRITE;
/*!40000 ALTER TABLE `dance_families` DISABLE KEYS */;
INSERT INTO `dance_families` VALUES (1,'2018-08-20 14:29:51','2018-08-20 14:29:51',NULL,'Swing',1,1,NULL),(2,'2018-08-20 14:30:01','2018-08-20 14:30:01',NULL,'Afro-Latino',1,1,NULL),(3,'2018-08-20 14:34:49','2018-08-20 14:34:49',NULL,'Ballroom',1,1,NULL);
/*!40000 ALTER TABLE `dance_families` ENABLE KEYS */;
UNLOCK TABLES;

--
-- Table structure for table `dance_song`
--

DROP TABLE IF EXISTS `dance_song`;
/*!40101 SET @saved_cs_client     = @@character_set_client */;
/*!50503 SET character_set_client = utf8mb4 */;
CREATE TABLE `dance_song` (
  `id` int(10) unsigned NOT NULL AUTO_INCREMENT,
  `created_at` timestamp NULL DEFAULT NULL,
  `updated_at` timestamp NULL DEFAULT NULL,
  `dance_id` int(11) NOT NULL,
  `song_id` int(11) NOT NULL,
  PRIMARY KEY (`id`)
) ENGINE=MyISAM DEFAULT CHARSET=utf8 COLLATE=utf8_unicode_ci;
/*!40101 SET character_set_client = @saved_cs_client */;

--
-- Dumping data for table `dance_song`
--

LOCK TABLES `dance_song` WRITE;
/*!40000 ALTER TABLE `dance_song` DISABLE KEYS */;
/*!40000 ALTER TABLE `dance_song` ENABLE KEYS */;
UNLOCK TABLES;

--
-- Table structure for table `dance_user`
--

DROP TABLE IF EXISTS `dance_user`;
/*!40101 SET @saved_cs_client     = @@character_set_client */;
/*!50503 SET character_set_client = utf8mb4 */;
CREATE TABLE `dance_user` (
  `id` int(10) unsigned NOT NULL AUTO_INCREMENT,
  `created_at` timestamp NULL DEFAULT NULL,
  `updated_at` timestamp NULL DEFAULT NULL,
  `user_id` int(11) NOT NULL,
  `dance_id` int(11) NOT NULL,
  PRIMARY KEY (`id`)
) ENGINE=MyISAM AUTO_INCREMENT=14 DEFAULT CHARSET=utf8 COLLATE=utf8_unicode_ci;
/*!40101 SET character_set_client = @saved_cs_client */;

--
-- Dumping data for table `dance_user`
--

LOCK TABLES `dance_user` WRITE;
/*!40000 ALTER TABLE `dance_user` DISABLE KEYS */;
INSERT INTO `dance_user` VALUES (1,NULL,NULL,1,5),(9,NULL,NULL,1,3),(3,NULL,NULL,1,2),(4,NULL,NULL,1,4),(5,NULL,NULL,7,2),(6,NULL,NULL,8,3),(10,NULL,NULL,1,15),(12,NULL,NULL,1,10),(13,NULL,NULL,1,22);
/*!40000 ALTER TABLE `dance_user` ENABLE KEYS */;
UNLOCK TABLES;

--
-- Table structure for table `dances`
--

DROP TABLE IF EXISTS `dances`;
/*!40101 SET @saved_cs_client     = @@character_set_client */;
/*!50503 SET character_set_client = utf8mb4 */;
CREATE TABLE `dances` (
  `id` int(10) unsigned NOT NULL AUTO_INCREMENT,
  `created_at` timestamp NULL DEFAULT NULL,
  `updated_at` timestamp NULL DEFAULT NULL,
  `deleted_at` timestamp NULL DEFAULT NULL,
  `title` varchar(255) COLLATE utf8_unicode_ci NOT NULL,
  `description` text COLLATE utf8_unicode_ci DEFAULT NULL,
  `dance_group_id` int(11) DEFAULT NULL,
  `created_by` int(11) NOT NULL,
  `updated_by` int(11) DEFAULT NULL,
  `dance_family_id` int(11) DEFAULT NULL,
  PRIMARY KEY (`id`)
) ENGINE=MyISAM AUTO_INCREMENT=23 DEFAULT CHARSET=utf8 COLLATE=utf8_unicode_ci;
/*!40101 SET character_set_client = @saved_cs_client */;

--
-- Dumping data for table `dances`
--

LOCK TABLES `dances` WRITE;
/*!40000 ALTER TABLE `dances` DISABLE KEYS */;
INSERT INTO `dances` VALUES (5,'2017-03-28 22:51:22','2018-08-20 14:31:40',NULL,'Rueda de Casino','Grupveida deja, kas nav iestudēta. Ir standarta soļi jeb figūras, ar kuriem dejotājiem ir jābūt pazīstamiem. Viens no dejotājiem, saukts par \"kantoru\", sauc figūru, kas tiks dejota uzreiz pēc patreiz izpildāmās figūras beigām.<br>\r\nŠīs dejas laikā notiek bieža partneru maiņa un lielākā jautrība sākas, kad kādam kaut kas nojūk. Daļēji šo deju var uzskatīt par spēli, jo tanī ir komanda \"es pārdomāju\", ko kantors troļļojot izmanto, lai atceltu iepriekš nosaukto komandu. <br>\r\nŅemot vērā, ka soļi tiek saukti, deja ir pietiekami vienkārša, lai 5 vienkāršākos soļus iemācītu draugiem ballītes laikā un kopīgi uzspēlētu/uzdejotu šo deju.',NULL,1,1,2),(2,'2017-03-28 11:10:26','2018-08-20 14:31:07',NULL,'LA Salsa',NULL,NULL,1,1,2),(3,'2017-03-28 11:29:29','2018-08-20 14:31:24',NULL,'Lindy Hop','Линди хоп — танец абсолютно хулиганский. Возник в начале прошлого столетия в Америке сухого закона, Великой Депрессии и безудержных девушек-флаппер. Линди хоп — это драйв, игра, импровизация. Стоит один раз попробовать, чтобы понять — это навсегда!',NULL,1,1,1),(4,'2017-03-28 11:58:08','2018-08-20 14:32:42',NULL,'Solo Jazz','Solo Jazz is one of the fastest and most independent ways for you to grow as a dancer! It improves your ability to move with balance, rhythm, elegance and a rich repertoire of steps.',NULL,1,1,1),(6,'2017-04-23 18:38:36','2018-08-20 14:32:59',NULL,'St. Louis Shag','Nevari izlemt par labu kikiem vai triplestepiem? Dejo abus!',NULL,1,1,1),(7,'2017-04-24 06:55:53','2018-08-20 14:30:51',NULL,'Drag Blues','https://www.youtube.com/watch?v=9lFWWheBVuA',NULL,1,1,1),(8,'2017-04-26 07:54:34','2018-08-20 14:33:34',NULL,'Swing Rueda','In 2000, after extensive studying of Salsa in Miami, Jeff Miller and Elaine Hewlett began teaching the famed 1950\'s Cuban dance, Salsa Rueda in Dallas, Texas. Rueda is danced in a circle with two or more couples. There is a dancer who calls the moves which the entire circle executes in unison. Some moves require partner changes and that\'s when the fun begins.\r\nUsing the Cuban original as a template, Jeff and Elaine created Swing Rueda. Since its creation it has been spread around the country, with reports of it traveling as far as Sweden and Singapore.\r\nSome of the moves\' names are the same in both the Swing and Salsa versions of the dance. For example, Dame (which translates as give me) is used to get a new partner. Other names have changed slightly due to the largely non-Spanish speaking dancers in Swing. For example, Enchufayla became Chalupa. Other names are not related at all to the original Salsa version, such as Sushi or Amoeba.',NULL,1,1,1),(9,'2017-06-21 08:50:30','2018-08-20 14:31:54',NULL,'Slow Drag',NULL,NULL,1,1,1),(10,'2017-07-12 10:20:04','2019-09-11 06:14:16',NULL,'Swing Circle','Based on cuban Rueda de Casino, but performed in swing manner with 8count pattern',NULL,1,1,1),(11,'2017-11-14 21:27:16','2018-08-20 14:32:13',NULL,'Solo Blues',NULL,NULL,1,1,1),(15,'2018-08-20 11:09:30','2018-08-20 14:30:33',NULL,'Cuban Salsa','In Cuba, a popular dance known as Casino was marketed abroad as Cuban-style salsa or Salsa Cubana to distinguish it from other salsa styles when the name was popularized in the 1970s. Dancing Casino is an expression of popular social culture; Many Cubans consider casino a part of their social and cultural activities centering on their popular music.',NULL,1,1,2),(13,'2018-01-12 12:48:19','2018-08-20 14:35:07',NULL,'Slow Waltz',NULL,NULL,1,1,3),(14,'2018-07-16 09:40:24','2018-08-22 06:31:24',NULL,'Collegiate shag',NULL,NULL,1,NULL,1),(16,'2018-08-21 14:48:49','2018-08-21 14:48:49',NULL,'Bachata','Bachata is a style of social dance from the Dominican Republic which is now danced all over the world. It is associated with bachata music.',NULL,1,1,2),(17,'2018-08-26 10:52:58','2018-08-26 10:52:58',NULL,'Afrobeat',NULL,NULL,1,1,2),(18,'2018-08-26 21:43:53','2018-08-26 21:43:53',NULL,'Argentine Tango',NULL,NULL,1,1,NULL),(19,'2018-08-28 12:26:20','2018-08-28 12:26:20',NULL,'Shuffle',NULL,NULL,1,1,NULL),(20,'2019-03-14 10:33:28','2019-03-14 10:33:28',NULL,'Balboa','The Balboa is a swing dance that originated in Southern California during the 1920s and enjoyed huge popularity during the 1930s and 1940s. The term Balboa originally referred to a dance characterized by its close embrace and full body connection. It emphasizes rhythmic weight shifts and lead-follow partnership.',NULL,1,1,1),(21,'2019-04-09 08:16:48','2019-04-09 08:16:48',NULL,'Kizomba','Semba has been danced in the 1950s in Angola. In the 1990s, when the actual kizomba music got more and more popular, Angolan semba dancers started to adapt their semba steps according to the tempo and flavour of the Kizomba beats.[4] The Kizomba dance is a couple dance from which many styles such as, tarraxinha and Urban kiz derived from.',NULL,1,1,2),(22,'2019-09-11 05:10:10','2019-09-11 05:10:10',NULL,'Tap Dance','Tap dance is a type of dance characterized by using the sounds of tap shoes striking the floor as a form of percussion. The sound is made by shoes that have a metal \"tap\" on the heel and toe.',NULL,1,1,NULL);
/*!40000 ALTER TABLE `dances` ENABLE KEYS */;
UNLOCK TABLES;

--
-- Table structure for table `difficulties`
--

DROP TABLE IF EXISTS `difficulties`;
/*!40101 SET @saved_cs_client     = @@character_set_client */;
/*!50503 SET character_set_client = utf8mb4 */;
CREATE TABLE `difficulties` (
  `id` int(10) unsigned NOT NULL AUTO_INCREMENT,
  `created_at` timestamp NULL DEFAULT NULL,
  `updated_at` timestamp NULL DEFAULT NULL,
  `deleted_at` timestamp NULL DEFAULT NULL,
  `title` varchar(255) COLLATE utf8_unicode_ci NOT NULL,
  `level` int(11) NOT NULL,
  PRIMARY KEY (`id`),
  UNIQUE KEY `difficulties_level_unique` (`level`)
) ENGINE=MyISAM AUTO_INCREMENT=5 DEFAULT CHARSET=utf8 COLLATE=utf8_unicode_ci;
/*!40101 SET character_set_client = @saved_cs_client */;

--
-- Dumping data for table `difficulties`
--

LOCK TABLES `difficulties` WRITE;
/*!40000 ALTER TABLE `difficulties` DISABLE KEYS */;
INSERT INTO `difficulties` VALUES (1,'2017-03-28 11:37:15','2017-03-28 11:37:15',NULL,'Beginner',1),(2,'2017-03-28 11:37:33','2017-03-28 11:37:33',NULL,'Improver',2),(3,'2017-03-28 11:37:43','2017-03-28 11:37:43',NULL,'Intermediate',3),(4,'2017-03-28 11:38:01','2017-03-28 11:38:01',NULL,'Advanced',4);
/*!40000 ALTER TABLE `difficulties` ENABLE KEYS */;
UNLOCK TABLES;

--
-- Table structure for table `failed_jobs`
--

DROP TABLE IF EXISTS `failed_jobs`;
/*!40101 SET @saved_cs_client     = @@character_set_client */;
/*!50503 SET character_set_client = utf8mb4 */;
CREATE TABLE `failed_jobs` (
  `id` bigint(20) unsigned NOT NULL AUTO_INCREMENT,
  `connection` text COLLATE utf8mb4_unicode_ci NOT NULL,
  `queue` text COLLATE utf8mb4_unicode_ci NOT NULL,
  `payload` longtext COLLATE utf8mb4_unicode_ci NOT NULL,
  `exception` longtext COLLATE utf8mb4_unicode_ci NOT NULL,
  `failed_at` timestamp NOT NULL DEFAULT current_timestamp(),
  PRIMARY KEY (`id`)
) ENGINE=InnoDB DEFAULT CHARSET=utf8mb4 COLLATE=utf8mb4_unicode_ci;
/*!40101 SET character_set_client = @saved_cs_client */;

--
-- Dumping data for table `failed_jobs`
--

LOCK TABLES `failed_jobs` WRITE;
/*!40000 ALTER TABLE `failed_jobs` DISABLE KEYS */;
/*!40000 ALTER TABLE `failed_jobs` ENABLE KEYS */;
UNLOCK TABLES;

--
-- Table structure for table `jobs`
--

DROP TABLE IF EXISTS `jobs`;
/*!40101 SET @saved_cs_client     = @@character_set_client */;
/*!50503 SET character_set_client = utf8mb4 */;
CREATE TABLE `jobs` (
  `id` bigint(20) unsigned NOT NULL AUTO_INCREMENT,
  `queue` varchar(191) COLLATE utf8mb4_unicode_ci NOT NULL,
  `payload` longtext COLLATE utf8mb4_unicode_ci NOT NULL,
  `attempts` tinyint(3) unsigned NOT NULL,
  `reserved_at` int(10) unsigned DEFAULT NULL,
  `available_at` int(10) unsigned NOT NULL,
  `created_at` int(10) unsigned NOT NULL,
  PRIMARY KEY (`id`),
  KEY `jobs_queue_index` (`queue`)
) ENGINE=InnoDB DEFAULT CHARSET=utf8mb4 COLLATE=utf8mb4_unicode_ci;
/*!40101 SET character_set_client = @saved_cs_client */;

--
-- Dumping data for table `jobs`
--

LOCK TABLES `jobs` WRITE;
/*!40000 ALTER TABLE `jobs` DISABLE KEYS */;
/*!40000 ALTER TABLE `jobs` ENABLE KEYS */;
UNLOCK TABLES;

--
-- Table structure for table `migrations`
--

DROP TABLE IF EXISTS `migrations`;
/*!40101 SET @saved_cs_client     = @@character_set_client */;
/*!50503 SET character_set_client = utf8mb4 */;
CREATE TABLE `migrations` (
  `id` int(10) unsigned NOT NULL AUTO_INCREMENT,
  `migration` varchar(255) COLLATE utf8mb4_unicode_ci NOT NULL,
  `batch` int(11) NOT NULL,
  PRIMARY KEY (`id`)
) ENGINE=InnoDB AUTO_INCREMENT=57 DEFAULT CHARSET=utf8mb4 COLLATE=utf8mb4_unicode_ci;
/*!40101 SET character_set_client = @saved_cs_client */;

--
-- Dumping data for table `migrations`
--

LOCK TABLES `migrations` WRITE;
/*!40000 ALTER TABLE `migrations` DISABLE KEYS */;
INSERT INTO `migrations` VALUES (1,'2014_10_12_000000_create_users_table',1),(2,'2014_10_12_100000_create_password_resets_table',1),(3,'2018_08_09_124436_create_dances_table',2),(4,'2018_08_09_134657_entrust_setup_tables',2),(5,'2018_08_11_090701_create_dance_user_table',3),(6,'2018_08_11_091153_create_steps_table',4),(7,'2018_08_11_195158_create_combinations_table',5),(8,'2018_08_11_200244_create_choreographies_table',6),(11,'2018_08_11_201019_create_songs_table',7),(12,'2018_08_12_182920_create_difficulties_table',8),(14,'2018_08_12_185613_create_user_pivot_tables_columns',9),(15,'2018_08_13_064240_create_components_table',10),(16,'2018_08_13_080440_create_videos_table',11),(17,'2018_08_13_091125_create_component_video_table',12),(19,'2018_08_14_060134_create_comments_table',13),(20,'2018_08_15_152242_create_activities_table',14),(21,'2018_08_15_162217_create_jobs_table',14),(22,'2018_08_15_163023_create_failed_jobs_table',14),(23,'2018_08_16_113740_add_userstamps_to_songs',15),(24,'2018_08_20_131451_create_dance_families_table',16),(25,'2018_08_20_131526_create_alternate_names_table',16),(38,'2016_07_29_171118_create_chatter_categories_table',17),(39,'2016_07_29_171118_create_chatter_discussion_table',17),(40,'2016_07_29_171118_create_chatter_post_table',17),(41,'2016_08_02_183143_add_slug_field_for_discussions',17),(42,'2016_08_03_121747_add_color_row_to_chatter_discussions',17),(43,'2017_01_16_121747_add_markdown_and_lock_to_chatter_posts',17),(44,'2017_01_16_121747_create_chatter_user_discussion_pivot_table',17),(45,'2017_08_07_165345_add_chatter_soft_deletes',17),(46,'2017_10_10_221227_add_chatter_last_reply_at_discussion',17),(47,'2018_08_21_104713_customize_chatter_categories_table',18),(48,'2018_08_15_134404_create_timeline_items_table',19),(49,'2018_08_24_101000_add_userstamps_to_videos',19),(50,'2018_08_24_111111_add_time_frame_to_videos',20),(51,'2018_08_27_073143_add_userstams_to_components',21),(52,'2019_09_25_135134_create_weekly_challenges_table',22),(53,'2019_10_02_100851_add_score_to_users',22),(54,'2020_02_20_130155_create_products_table',23),(55,'2020_02_20_133712_create_product_variants_table',23),(56,'2020_02_20_134532_create_product_variant_pictures_table',23);
/*!40000 ALTER TABLE `migrations` ENABLE KEYS */;
UNLOCK TABLES;

--
-- Table structure for table `password_resets`
--

DROP TABLE IF EXISTS `password_resets`;
/*!40101 SET @saved_cs_client     = @@character_set_client */;
/*!50503 SET character_set_client = utf8mb4 */;
CREATE TABLE `password_resets` (
  `email` varchar(255) COLLATE utf8_unicode_ci NOT NULL,
  `token` varchar(255) COLLATE utf8_unicode_ci NOT NULL,
  `created_at` timestamp NOT NULL DEFAULT current_timestamp() ON UPDATE current_timestamp(),
  KEY `password_resets_email_index` (`email`),
  KEY `password_resets_token_index` (`token`)
) ENGINE=MyISAM DEFAULT CHARSET=utf8 COLLATE=utf8_unicode_ci;
/*!40101 SET character_set_client = @saved_cs_client */;

--
-- Dumping data for table `password_resets`
--

LOCK TABLES `password_resets` WRITE;
/*!40000 ALTER TABLE `password_resets` DISABLE KEYS */;
INSERT INTO `password_resets` VALUES ('edmunds.sulzanoks@gmail.com','e9fa846d92781f1d09a9b892dcc7809fa2fd7764f7a495cdf52533d83ebded56','2017-03-28 22:14:15');
/*!40000 ALTER TABLE `password_resets` ENABLE KEYS */;
UNLOCK TABLES;

--
-- Table structure for table `permission_role`
--

DROP TABLE IF EXISTS `permission_role`;
/*!40101 SET @saved_cs_client     = @@character_set_client */;
/*!50503 SET character_set_client = utf8mb4 */;
CREATE TABLE `permission_role` (
  `permission_id` int(10) unsigned NOT NULL,
  `role_id` int(10) unsigned NOT NULL,
  PRIMARY KEY (`permission_id`,`role_id`),
  KEY `permission_role_role_id_foreign` (`role_id`)
) ENGINE=MyISAM DEFAULT CHARSET=utf8 COLLATE=utf8_unicode_ci;
/*!40101 SET character_set_client = @saved_cs_client */;

--
-- Dumping data for table `permission_role`
--

LOCK TABLES `permission_role` WRITE;
/*!40000 ALTER TABLE `permission_role` DISABLE KEYS */;
INSERT INTO `permission_role` VALUES (1,1);
/*!40000 ALTER TABLE `permission_role` ENABLE KEYS */;
UNLOCK TABLES;

--
-- Table structure for table `permissions`
--

DROP TABLE IF EXISTS `permissions`;
/*!40101 SET @saved_cs_client     = @@character_set_client */;
/*!50503 SET character_set_client = utf8mb4 */;
CREATE TABLE `permissions` (
  `deleted_at` timestamp NULL DEFAULT NULL,
  `id` int(10) unsigned NOT NULL AUTO_INCREMENT,
  `name` varchar(255) COLLATE utf8_unicode_ci NOT NULL,
  `display_name` varchar(255) COLLATE utf8_unicode_ci DEFAULT NULL,
  `description` varchar(255) COLLATE utf8_unicode_ci DEFAULT NULL,
  `created_at` timestamp NULL DEFAULT NULL,
  `updated_at` timestamp NULL DEFAULT NULL,
  PRIMARY KEY (`id`),
  UNIQUE KEY `permissions_name_unique` (`name`)
) ENGINE=MyISAM AUTO_INCREMENT=2 DEFAULT CHARSET=utf8 COLLATE=utf8_unicode_ci;
/*!40101 SET character_set_client = @saved_cs_client */;

--
-- Dumping data for table `permissions`
--

LOCK TABLES `permissions` WRITE;
/*!40000 ALTER TABLE `permissions` DISABLE KEYS */;
INSERT INTO `permissions` VALUES (NULL,1,'manage-user','Lietotāju administrēšana','Var dzēst lietotājus un rediģēt to informāciju.','2017-03-30 12:17:53','2017-03-30 12:17:53');
/*!40000 ALTER TABLE `permissions` ENABLE KEYS */;
UNLOCK TABLES;

--
-- Table structure for table `pictures`
--

DROP TABLE IF EXISTS `pictures`;
/*!40101 SET @saved_cs_client     = @@character_set_client */;
/*!50503 SET character_set_client = utf8mb4 */;
CREATE TABLE `pictures` (
  `id` int(10) unsigned NOT NULL AUTO_INCREMENT,
  `created_at` timestamp NULL DEFAULT NULL,
  `updated_at` timestamp NULL DEFAULT NULL,
  `deleted_at` timestamp NULL DEFAULT NULL,
  `parent_class` varchar(255) COLLATE utf8_unicode_ci NOT NULL,
  `parent_id` varchar(255) COLLATE utf8_unicode_ci NOT NULL,
  PRIMARY KEY (`id`)
) ENGINE=MyISAM AUTO_INCREMENT=7 DEFAULT CHARSET=utf8 COLLATE=utf8_unicode_ci;
/*!40101 SET character_set_client = @saved_cs_client */;

--
-- Dumping data for table `pictures`
--

LOCK TABLES `pictures` WRITE;
/*!40000 ALTER TABLE `pictures` DISABLE KEYS */;
INSERT INTO `pictures` VALUES (1,'2018-08-20 10:24:21','2018-08-20 10:24:22','2018-08-20 10:24:22','User','1'),(2,'2018-08-20 10:27:32','2018-08-20 10:27:32','2018-08-20 10:27:32','User','1'),(3,'2018-08-20 10:28:12','2018-08-20 10:28:12','2018-08-20 10:28:12','User','1'),(4,'2018-08-20 10:29:17','2018-08-20 10:29:17',NULL,'User','1'),(5,'2018-08-20 10:29:53','2018-08-20 10:29:53',NULL,'User','1'),(6,'2018-08-20 10:32:03','2018-08-20 10:32:03',NULL,'ProfileCover','1');
/*!40000 ALTER TABLE `pictures` ENABLE KEYS */;
UNLOCK TABLES;

--
-- Table structure for table `product_variant_pictures`
--

DROP TABLE IF EXISTS `product_variant_pictures`;
/*!40101 SET @saved_cs_client     = @@character_set_client */;
/*!50503 SET character_set_client = utf8mb4 */;
CREATE TABLE `product_variant_pictures` (
  `id` int(10) unsigned NOT NULL AUTO_INCREMENT,
  `created_at` timestamp NULL DEFAULT NULL,
  `updated_at` timestamp NULL DEFAULT NULL,
  `product_id` int(11) NOT NULL,
  `color` varchar(191) COLLATE utf8mb4_unicode_ci NOT NULL,
  `thumbnail_url` varchar(191) COLLATE utf8mb4_unicode_ci NOT NULL,
  `preview_url` varchar(191) COLLATE utf8mb4_unicode_ci NOT NULL,
  PRIMARY KEY (`id`)
) ENGINE=InnoDB AUTO_INCREMENT=173201214 DEFAULT CHARSET=utf8mb4 COLLATE=utf8mb4_unicode_ci;
/*!40101 SET character_set_client = @saved_cs_client */;

--
-- Dumping data for table `product_variant_pictures`
--

LOCK TABLES `product_variant_pictures` WRITE;
/*!40000 ALTER TABLE `product_variant_pictures` DISABLE KEYS */;
INSERT INTO `product_variant_pictures` VALUES (172699428,'2020-02-21 09:59:46','2020-07-15 15:00:18',159054116,'White','https://files.cdn.printful.com/files/ee8/ee80e78ad1542e3c4cd536a26af9de0e_thumb.png','https://files.cdn.printful.com/files/ee8/ee80e78ad1542e3c4cd536a26af9de0e_preview.png'),(172699988,'2020-02-21 09:59:46','2020-02-21 09:59:46',158960926,'White','https://files.cdn.printful.com/files/295/2957191475cbbdc7a2fcadc8bef20c93_thumb.png','https://files.cdn.printful.com/files/295/2957191475cbbdc7a2fcadc8bef20c93_preview.png'),(172908156,'2020-02-21 09:59:48','2020-02-21 09:59:48',159053030,'Navy/ Oxford Grey','https://files.cdn.printful.com/files/fb7/fb7519a398102f5ba84f2e55e6d9df48_thumb.png','https://files.cdn.printful.com/files/fb7/fb7519a398102f5ba84f2e55e6d9df48_preview.png'),(172908157,'2020-02-21 09:59:49','2020-02-21 09:59:49',159053030,'Charcoal Heather','https://files.cdn.printful.com/files/1a6/1a6e18adf235e8a7f5c64de5dc470935_thumb.png','https://files.cdn.printful.com/files/1a6/1a6e18adf235e8a7f5c64de5dc470935_preview.png'),(172908158,'2020-02-21 09:59:50','2020-02-21 09:59:50',159053030,'Oxford Grey/ Charcoal Heather','https://files.cdn.printful.com/files/a15/a159c1d9c2baad875260b82da07b3acd_thumb.png','https://files.cdn.printful.com/files/a15/a159c1d9c2baad875260b82da07b3acd_preview.png'),(172908700,'2020-02-21 09:59:46','2020-02-21 09:59:46',158960926,'Black','https://files.cdn.printful.com/files/441/44125798ce594392e172441d10ee266d_thumb.png','https://files.cdn.printful.com/files/441/44125798ce594392e172441d10ee266d_preview.png'),(172908701,'2020-02-21 09:59:46','2020-02-21 09:59:46',158960926,'Black/ White','https://files.cdn.printful.com/files/3e7/3e7bcd1bcc2f189783c7c9c736162e7a_thumb.png','https://files.cdn.printful.com/files/3e7/3e7bcd1bcc2f189783c7c9c736162e7a_preview.png'),(172908702,'2020-02-21 09:59:47','2020-02-21 09:59:47',158960926,'Brown/ Khaki','https://files.cdn.printful.com/files/e18/e18f1acd3c8fa2bec667795494ef7e26_thumb.png','https://files.cdn.printful.com/files/e18/e18f1acd3c8fa2bec667795494ef7e26_preview.png'),(172908703,'2020-02-21 09:59:47','2020-02-21 09:59:47',158960926,'Navy','https://files.cdn.printful.com/files/e0d/e0dd81deee70ed5700ce84c295cd8e17_thumb.png','https://files.cdn.printful.com/files/e0d/e0dd81deee70ed5700ce84c295cd8e17_preview.png'),(172908704,'2020-02-21 09:59:47','2020-02-21 09:59:47',158960926,'Navy/ White','https://files.cdn.printful.com/files/6e5/6e5a08eb4d08bec2647b9e904eb46919_thumb.png','https://files.cdn.printful.com/files/6e5/6e5a08eb4d08bec2647b9e904eb46919_preview.png'),(172908705,'2020-02-21 09:59:47','2020-02-21 09:59:47',158960926,'Khaki','https://files.cdn.printful.com/files/f77/f7709667c7de2b94256fd51e8def0ba8_thumb.png','https://files.cdn.printful.com/files/f77/f7709667c7de2b94256fd51e8def0ba8_preview.png'),(172908706,'2020-02-21 09:59:47','2020-02-21 09:59:47',158960926,'Rustic Orange/ Khaki','https://files.cdn.printful.com/files/ff8/ff89567771e70342763054ee20f0c5bb_thumb.png','https://files.cdn.printful.com/files/ff8/ff89567771e70342763054ee20f0c5bb_preview.png'),(172908707,'2020-02-21 09:59:48','2020-02-21 09:59:48',158960926,'Pink','https://files.cdn.printful.com/files/eb6/eb6eb2b19739362a713dd5da7a65f3e5_thumb.png','https://files.cdn.printful.com/files/eb6/eb6eb2b19739362a713dd5da7a65f3e5_preview.png'),(172908708,'2020-02-21 09:59:48','2020-02-21 09:59:48',158960926,'Red','https://files.cdn.printful.com/files/006/0061be7a54f26acddb8f14b159cae7e6_thumb.png','https://files.cdn.printful.com/files/006/0061be7a54f26acddb8f14b159cae7e6_preview.png'),(172909069,'2020-02-21 09:59:51','2020-02-21 09:59:51',159053396,'Heather Grey / Black','https://files.cdn.printful.com/files/8c9/8c9ffd970d17380cb4524d06703137a8_thumb.png','https://files.cdn.printful.com/files/8c9/8c9ffd970d17380cb4524d06703137a8_preview.png'),(172909150,'2020-02-21 09:59:51','2020-02-21 09:59:51',159053396,'Heather Black / Black','https://files.cdn.printful.com/files/32c/32cb0541f5165dc47dbe6540d4ff2a1a_thumb.png','https://files.cdn.printful.com/files/32c/32cb0541f5165dc47dbe6540d4ff2a1a_preview.png'),(172910488,'2020-02-21 09:59:51','2020-02-21 09:59:51',159053923,'White','https://files.cdn.printful.com/files/fce/fce6546e1023f30a5ba4bfcebdf0f1fa_thumb.png','https://files.cdn.printful.com/files/fce/fce6546e1023f30a5ba4bfcebdf0f1fa_preview.png'),(172910491,'2020-02-21 09:59:51','2020-02-21 09:59:51',159053923,'White','https://files.cdn.printful.com/files/cc4/cc42214e10feec73026c43b5b6bf6183_thumb.png','https://files.cdn.printful.com/files/cc4/cc42214e10feec73026c43b5b6bf6183_preview.png'),(172911015,'2020-02-21 09:59:51','2020-02-21 09:59:51',159054116,'White','https://files.cdn.printful.com/files/a73/a73457b000ac32bde3a72d6f4e875bed_thumb.png','https://files.cdn.printful.com/files/a73/a73457b000ac32bde3a72d6f4e875bed_preview.png'),(172915008,'2020-02-21 09:59:52','2020-02-21 11:47:43',159056094,'White','https://files.cdn.printful.com/files/4bb/4bb0ccb5203ebd56f1824f6e47af3865_thumb.png','https://files.cdn.printful.com/files/4bb/4bb0ccb5203ebd56f1824f6e47af3865_preview.png'),(172915154,'2020-02-21 09:59:52','2020-02-21 09:59:52',159055758,'White','https://files.cdn.printful.com/files/540/540502fab24713a6347e212a2c27b60d_thumb.png','https://files.cdn.printful.com/files/540/540502fab24713a6347e212a2c27b60d_preview.png'),(172915803,'2020-02-21 10:00:11','2020-02-21 10:00:11',159055990,'White','https://files.cdn.printful.com/files/525/525a2cf788900521255aafff9914602c_thumb.png','https://files.cdn.printful.com/files/525/525a2cf788900521255aafff9914602c_preview.png'),(172916161,'2020-02-21 10:00:12','2020-02-21 10:00:12',159056094,'White','https://files.cdn.printful.com/files/a57/a57c7ecd75013fa37fe21cb9db868157_thumb.png','https://files.cdn.printful.com/files/a57/a57c7ecd75013fa37fe21cb9db868157_preview.png'),(172946028,'2020-02-21 09:59:53','2020-02-21 09:59:53',159055758,'Black','https://files.cdn.printful.com/files/5dc/5dc0465def626340365f6aa5beea9844_thumb.png','https://files.cdn.printful.com/files/5dc/5dc0465def626340365f6aa5beea9844_preview.png'),(172946029,'2020-02-21 09:59:54','2020-02-21 09:59:54',159055758,'Smoke','https://files.cdn.printful.com/files/925/925914725dfd7efc98a3ca7b4f388751_thumb.png','https://files.cdn.printful.com/files/925/925914725dfd7efc98a3ca7b4f388751_preview.png'),(172946030,'2020-02-21 09:59:55','2020-02-21 09:59:55',159055758,'City Green','https://files.cdn.printful.com/files/569/569be4f95cb2041f2508d04c6d3f1a21_thumb.png','https://files.cdn.printful.com/files/569/569be4f95cb2041f2508d04c6d3f1a21_preview.png'),(172946031,'2020-02-21 09:59:56','2020-02-21 09:59:56',159055758,'Heather Dark Grey','https://files.cdn.printful.com/files/1f5/1f579273d2abf1c7ec00d89d079ee918_thumb.png','https://files.cdn.printful.com/files/1f5/1f579273d2abf1c7ec00d89d079ee918_preview.png'),(172946032,'2020-02-21 09:59:57','2020-02-21 09:59:57',159055758,'Navy','https://files.cdn.printful.com/files/309/3091dfadae33a254eeb0989482dca4e9_thumb.png','https://files.cdn.printful.com/files/309/3091dfadae33a254eeb0989482dca4e9_preview.png'),(172946033,'2020-02-21 09:59:58','2020-02-21 09:59:58',159055758,'Lake','https://files.cdn.printful.com/files/633/6330607313921f19b9ee56a04daae1a4_thumb.png','https://files.cdn.printful.com/files/633/6330607313921f19b9ee56a04daae1a4_preview.png'),(172946034,'2020-02-21 09:59:59','2020-02-21 09:59:59',159055758,'Heather Blue','https://files.cdn.printful.com/files/c36/c36ba402bc9cbf6dae26497c735a9b10_thumb.png','https://files.cdn.printful.com/files/c36/c36ba402bc9cbf6dae26497c735a9b10_preview.png'),(172946035,'2020-02-21 10:00:00','2020-02-21 10:00:00',159055758,'Heather Purple','https://files.cdn.printful.com/files/926/9260beb4b9056b60737405f363b5f83d_thumb.png','https://files.cdn.printful.com/files/926/9260beb4b9056b60737405f363b5f83d_preview.png'),(172946036,'2020-02-21 10:00:01','2020-02-21 10:00:01',159055758,'Maroon','https://files.cdn.printful.com/files/fc7/fc724feb64e3b03e133bd37ee7fbed8c_thumb.png','https://files.cdn.printful.com/files/fc7/fc724feb64e3b03e133bd37ee7fbed8c_preview.png'),(172946037,'2020-02-21 10:00:03','2020-02-21 10:00:03',159055758,'Heather Grey','https://files.cdn.printful.com/files/3a6/3a6c7193cbaa002f34ac4762201b6e84_thumb.png','https://files.cdn.printful.com/files/3a6/3a6c7193cbaa002f34ac4762201b6e84_preview.png'),(172946038,'2020-02-21 10:00:04','2020-02-21 10:00:04',159055758,'Royal Blue','https://files.cdn.printful.com/files/376/3766f58e883476b83dd4648b2153e47c_thumb.png','https://files.cdn.printful.com/files/376/3766f58e883476b83dd4648b2153e47c_preview.png'),(172946039,'2020-02-21 10:00:05','2020-02-21 10:00:05',159055758,'Heather Green','https://files.cdn.printful.com/files/fe3/fe30bdf4de42a98b0d02e4bfc8f30e2c_thumb.png','https://files.cdn.printful.com/files/fe3/fe30bdf4de42a98b0d02e4bfc8f30e2c_preview.png'),(172946040,'2020-02-21 10:00:06','2020-02-21 10:00:06',159055758,'Caribbean Blue','https://files.cdn.printful.com/files/ef0/ef077cddf51f88f464050385355cd7e9_thumb.png','https://files.cdn.printful.com/files/ef0/ef077cddf51f88f464050385355cd7e9_preview.png'),(172946041,'2020-02-21 10:00:07','2020-02-21 10:00:07',159055758,'Independence Red','https://files.cdn.printful.com/files/c02/c026607fef4ce13d081686982511f668_thumb.png','https://files.cdn.printful.com/files/c02/c026607fef4ce13d081686982511f668_preview.png'),(172946042,'2020-02-21 10:00:08','2020-02-21 10:00:08',159055758,'Heather Red','https://files.cdn.printful.com/files/eea/eeaa1335d96626b80c26e8f2765e2483_thumb.png','https://files.cdn.printful.com/files/eea/eeaa1335d96626b80c26e8f2765e2483_preview.png'),(172946043,'2020-02-21 10:00:09','2020-02-21 10:00:09',159055758,'Charity Pink','https://files.cdn.printful.com/files/958/958eb11f0e0e1607903f36679af0a96b_thumb.png','https://files.cdn.printful.com/files/958/958eb11f0e0e1607903f36679af0a96b_preview.png'),(172946044,'2020-02-21 10:00:10','2020-02-21 10:00:10',159055758,'Red','https://files.cdn.printful.com/files/582/582c101a32984cf0f62fae94e7a28b97_thumb.png','https://files.cdn.printful.com/files/582/582c101a32984cf0f62fae94e7a28b97_preview.png'),(173201177,'2020-02-21 11:19:04','2020-02-21 11:19:04',159231943,'White','https://files.cdn.printful.com/files/27c/27c0222a8f5d5658aa9e45ead095fd54_thumb.png','https://files.cdn.printful.com/files/27c/27c0222a8f5d5658aa9e45ead095fd54_preview.png'),(173201178,'2020-02-21 11:19:06','2020-02-21 11:19:06',159231943,'Black','https://files.cdn.printful.com/files/c41/c41a8873fa5bec4bc1de9c5807e0f8cc_thumb.png','https://files.cdn.printful.com/files/c41/c41a8873fa5bec4bc1de9c5807e0f8cc_preview.png'),(173201179,'2020-02-21 11:19:07','2020-02-21 11:19:07',159231943,'Brown','https://files.cdn.printful.com/files/935/9355b650b6a00e64e90e901252e52219_thumb.png','https://files.cdn.printful.com/files/935/9355b650b6a00e64e90e901252e52219_preview.png'),(173201180,'2020-02-21 11:19:08','2020-02-21 11:19:08',159231943,'Black Heather','https://files.cdn.printful.com/files/eed/eed856c67c0db4c15f5155793b2a10c2_thumb.png','https://files.cdn.printful.com/files/eed/eed856c67c0db4c15f5155793b2a10c2_preview.png'),(173201181,'2020-02-21 11:19:09','2020-02-21 11:19:09',159231943,'Heather Forest','https://files.cdn.printful.com/files/d18/d18024e06675745217195fe4e3725240_thumb.png','https://files.cdn.printful.com/files/d18/d18024e06675745217195fe4e3725240_preview.png'),(173201182,'2020-02-21 11:19:10','2020-02-21 11:19:10',159231943,'Heather Midnight Navy','https://files.cdn.printful.com/files/dd8/dd8c135a17c68954ad3293064c25422e_thumb.png','https://files.cdn.printful.com/files/dd8/dd8c135a17c68954ad3293064c25422e_preview.png'),(173201183,'2020-02-21 11:19:11','2020-02-21 11:19:11',159231943,'Army','https://files.cdn.printful.com/files/b79/b79943bfc4282ad0d903e75f99531024_thumb.png','https://files.cdn.printful.com/files/b79/b79943bfc4282ad0d903e75f99531024_preview.png'),(173201184,'2020-02-21 11:19:13','2020-02-21 11:19:13',159231943,'Olive','https://files.cdn.printful.com/files/d15/d1515152298c8b98b48a46b2918f0f2b_thumb.png','https://files.cdn.printful.com/files/d15/d1515152298c8b98b48a46b2918f0f2b_preview.png'),(173201185,'2020-02-21 11:19:14','2020-02-21 11:19:14',159231943,'Asphalt','https://files.cdn.printful.com/files/b5a/b5a2acdc4926ab8571be41c77a6bb6b9_thumb.png','https://files.cdn.printful.com/files/b5a/b5a2acdc4926ab8571be41c77a6bb6b9_preview.png'),(173201186,'2020-02-21 11:19:15','2020-02-21 11:19:15',159231943,'Navy','https://files.cdn.printful.com/files/f8f/f8fbafffb21e85f5d7cedbadbed84941_thumb.png','https://files.cdn.printful.com/files/f8f/f8fbafffb21e85f5d7cedbadbed84941_preview.png'),(173201187,'2020-02-21 11:19:16','2020-02-21 11:19:16',159231943,'Forest','https://files.cdn.printful.com/files/cf9/cf9dcffcfa3fb64c597a379bb72fcf52_thumb.png','https://files.cdn.printful.com/files/cf9/cf9dcffcfa3fb64c597a379bb72fcf52_preview.png'),(173201188,'2020-02-21 11:19:17','2020-02-21 11:19:17',159231943,'Dark Grey Heather','https://files.cdn.printful.com/files/767/767519a5648622b722eda76259bcf879_thumb.png','https://files.cdn.printful.com/files/767/767519a5648622b722eda76259bcf879_preview.png'),(173201189,'2020-02-21 11:19:18','2020-02-21 11:19:18',159231943,'Leaf','https://files.cdn.printful.com/files/db5/db5730bf3f53ff8ee14b59de478e0273_thumb.png','https://files.cdn.printful.com/files/db5/db5730bf3f53ff8ee14b59de478e0273_preview.png'),(173201190,'2020-02-21 11:19:19','2020-02-21 11:19:19',159231943,'Heather Deep Teal','https://files.cdn.printful.com/files/518/5185c1710f1670cc8764f3ae7fd493e0_thumb.png','https://files.cdn.printful.com/files/518/5185c1710f1670cc8764f3ae7fd493e0_preview.png'),(173201191,'2020-02-21 11:19:20','2020-02-21 11:19:20',159231943,'Athletic Heather','https://files.cdn.printful.com/files/f2f/f2f695ef5f4ecefdc18d33fcf39f56d4_thumb.png','https://files.cdn.printful.com/files/f2f/f2f695ef5f4ecefdc18d33fcf39f56d4_preview.png'),(173201192,'2020-02-21 11:19:21','2020-02-21 11:19:21',159231943,'Soft Cream','https://files.cdn.printful.com/files/7a6/7a698f4ba89070710a4fcc1f6fdf3326_thumb.png','https://files.cdn.printful.com/files/7a6/7a698f4ba89070710a4fcc1f6fdf3326_preview.png'),(173201193,'2020-02-21 11:19:23','2020-02-21 11:19:23',159231943,'Steel Blue','https://files.cdn.printful.com/files/81b/81bf969494795aabea24577b551467cf_thumb.png','https://files.cdn.printful.com/files/81b/81bf969494795aabea24577b551467cf_preview.png'),(173201194,'2020-02-21 11:19:24','2020-02-21 11:19:24',159231943,'Heather Prism Dusty Blue','https://files.cdn.printful.com/files/289/28951768cd90f29067ae95559c4ca698_thumb.png','https://files.cdn.printful.com/files/289/28951768cd90f29067ae95559c4ca698_preview.png'),(173201195,'2020-02-21 11:19:25','2020-02-21 11:19:25',159231943,'Silver','https://files.cdn.printful.com/files/e46/e466d074a9963822b9f851f3a8f77966_thumb.png','https://files.cdn.printful.com/files/e46/e466d074a9963822b9f851f3a8f77966_preview.png'),(173201196,'2020-02-21 11:19:26','2020-02-21 11:19:26',159231943,'Ash','https://files.cdn.printful.com/files/8fc/8fc2b8d54a17585eb3f39edd590b9af8_thumb.png','https://files.cdn.printful.com/files/8fc/8fc2b8d54a17585eb3f39edd590b9af8_preview.png'),(173201197,'2020-02-21 11:19:27','2020-02-21 11:19:27',159231943,'Heather Prism Mint','https://files.cdn.printful.com/files/b4c/b4c965f470ce6d8a86c8c081550de547_thumb.png','https://files.cdn.printful.com/files/b4c/b4c965f470ce6d8a86c8c081550de547_preview.png'),(173201198,'2020-02-21 11:19:28','2020-02-21 11:19:28',159231943,'True Royal','https://files.cdn.printful.com/files/8c4/8c48c6408c1e5c304888188d64fef24e_thumb.png','https://files.cdn.printful.com/files/8c4/8c48c6408c1e5c304888188d64fef24e_preview.png'),(173201199,'2020-02-21 11:19:29','2020-02-21 11:19:29',159231943,'Kelly','https://files.cdn.printful.com/files/704/704a50f5eac672a4adac3aaec9a6bfc0_thumb.png','https://files.cdn.printful.com/files/704/704a50f5eac672a4adac3aaec9a6bfc0_preview.png'),(173201200,'2020-02-21 11:19:30','2020-02-21 11:19:30',159231943,'Heather Blue','https://files.cdn.printful.com/files/d35/d35c7978b40a507fac00806f44bbc796_thumb.png','https://files.cdn.printful.com/files/d35/d35c7978b40a507fac00806f44bbc796_preview.png'),(173201201,'2020-02-21 11:19:31','2020-02-21 11:19:31',159231943,'Heather Prism Peach','https://files.cdn.printful.com/files/ed3/ed32fb9218c97c2356228d69431c8d24_thumb.png','https://files.cdn.printful.com/files/ed3/ed32fb9218c97c2356228d69431c8d24_preview.png'),(173201202,'2020-02-21 11:19:33','2020-02-21 11:19:33',159231943,'Heather Prism Ice Blue','https://files.cdn.printful.com/files/2b7/2b7f08bbc97367300a05beb4fe3ec52e_thumb.png','https://files.cdn.printful.com/files/2b7/2b7f08bbc97367300a05beb4fe3ec52e_preview.png'),(173201203,'2020-02-21 11:19:34','2020-02-21 11:19:34',159231943,'Aqua','https://files.cdn.printful.com/files/aec/aec44e4e5baf9a10488b99963694836e_thumb.png','https://files.cdn.printful.com/files/aec/aec44e4e5baf9a10488b99963694836e_preview.png'),(173201204,'2020-02-21 11:19:35','2020-02-21 11:19:35',159231943,'Heather Mint','https://files.cdn.printful.com/files/56c/56cdb6cd910916ffa63a86919aaff340_thumb.png','https://files.cdn.printful.com/files/56c/56cdb6cd910916ffa63a86919aaff340_preview.png'),(173201205,'2020-02-21 11:19:37','2020-02-21 11:19:37',159231943,'Heather Orange','https://files.cdn.printful.com/files/f8e/f8e08e68292e063dc19a1acc75f0ea47_thumb.png','https://files.cdn.printful.com/files/f8e/f8e08e68292e063dc19a1acc75f0ea47_preview.png'),(173201206,'2020-02-21 11:19:38','2020-02-21 11:19:38',159231943,'Yellow','https://files.cdn.printful.com/files/f16/f1647fb1aebce0e3d4333036ff7c4722_thumb.png','https://files.cdn.printful.com/files/f16/f1647fb1aebce0e3d4333036ff7c4722_preview.png'),(173201207,'2020-02-21 11:19:39','2020-02-21 11:19:39',159231943,'Heather True Royal','https://files.cdn.printful.com/files/656/65629be6a4dc9c4592641bf947d9e580_thumb.png','https://files.cdn.printful.com/files/656/65629be6a4dc9c4592641bf947d9e580_preview.png'),(173201208,'2020-02-21 11:19:40','2020-02-21 11:19:40',159231943,'Heather Prism Lilac','https://files.cdn.printful.com/files/a97/a976f31d16c8668c0021d67f3b0d3f2f_thumb.png','https://files.cdn.printful.com/files/a97/a976f31d16c8668c0021d67f3b0d3f2f_preview.png'),(173201209,'2020-02-21 11:19:41','2020-02-21 11:19:41',159231943,'Gold','https://files.cdn.printful.com/files/f7b/f7b7febcc1b2adebe0f8c4fc4de3bc58_thumb.png','https://files.cdn.printful.com/files/f7b/f7b7febcc1b2adebe0f8c4fc4de3bc58_preview.png'),(173201210,'2020-02-21 11:19:42','2020-02-21 11:19:42',159231943,'Red','https://files.cdn.printful.com/files/87a/87a9fad97fb3eea4ae06d96531951e86_thumb.png','https://files.cdn.printful.com/files/87a/87a9fad97fb3eea4ae06d96531951e86_preview.png'),(173201211,'2020-02-21 11:19:43','2020-02-21 11:19:43',159231943,'Berry','https://files.cdn.printful.com/files/862/862cc1c3e00766d8e7dd70ab02bef9ea_thumb.png','https://files.cdn.printful.com/files/862/862cc1c3e00766d8e7dd70ab02bef9ea_preview.png'),(173201212,'2020-02-21 11:19:44','2020-02-21 11:19:44',159231943,'Pink','https://files.cdn.printful.com/files/939/9398be7dab3bd84c22f9a47ae30f0123_thumb.png','https://files.cdn.printful.com/files/939/9398be7dab3bd84c22f9a47ae30f0123_preview.png'),(173201213,'2020-02-21 11:19:46','2020-02-21 11:19:46',159231943,'Heather Raspberry','https://files.cdn.printful.com/files/293/293ccda448fef357cc03ef7e0a0c519d_thumb.png','https://files.cdn.printful.com/files/293/293ccda448fef357cc03ef7e0a0c519d_preview.png');
/*!40000 ALTER TABLE `product_variant_pictures` ENABLE KEYS */;
UNLOCK TABLES;

--
-- Table structure for table `product_variants`
--

DROP TABLE IF EXISTS `product_variants`;
/*!40101 SET @saved_cs_client     = @@character_set_client */;
/*!50503 SET character_set_client = utf8mb4 */;
CREATE TABLE `product_variants` (
  `id` int(10) unsigned NOT NULL AUTO_INCREMENT,
  `created_at` timestamp NULL DEFAULT NULL,
  `updated_at` timestamp NULL DEFAULT NULL,
  `product_id` varchar(191) COLLATE utf8mb4_unicode_ci NOT NULL,
  `size` varchar(191) COLLATE utf8mb4_unicode_ci DEFAULT NULL,
  `color` varchar(191) COLLATE utf8mb4_unicode_ci NOT NULL,
  `color_hex` varchar(191) COLLATE utf8mb4_unicode_ci NOT NULL,
  `price` double(8,2) NOT NULL,
  PRIMARY KEY (`id`)
) ENGINE=InnoDB AUTO_INCREMENT=1752959600 DEFAULT CHARSET=utf8mb4 COLLATE=utf8mb4_unicode_ci;
/*!40101 SET character_set_client = @saved_cs_client */;

--
-- Dumping data for table `product_variants`
--

LOCK TABLES `product_variants` WRITE;
/*!40000 ALTER TABLE `product_variants` DISABLE KEYS */;
INSERT INTO `product_variants` VALUES (1750041920,'2020-02-21 09:59:46','2020-02-21 09:59:46','158960926',NULL,'White','#FFFFFF',16.00),(1751066651,'2020-02-21 09:59:48','2020-02-21 09:59:48','159053030','S','Navy/ Oxford Grey','#333949',45.00),(1751066652,'2020-02-21 09:59:48','2020-02-21 09:59:48','159053030','M','Navy/ Oxford Grey','#333949',45.00),(1751066653,'2020-02-21 09:59:48','2020-02-21 09:59:48','159053030','L','Navy/ Oxford Grey','#333949',45.00),(1751066654,'2020-02-21 09:59:48','2020-02-21 09:59:48','159053030','XL','Navy/ Oxford Grey','#333949',45.00),(1751066655,'2020-02-21 09:59:49','2020-02-21 09:59:49','159053030','2XL','Navy/ Oxford Grey','#333949',51.00),(1751066656,'2020-02-21 09:59:49','2020-02-21 09:59:49','159053030','S','Charcoal Heather','#3a3536',45.00),(1751066657,'2020-02-21 09:59:49','2020-02-21 09:59:49','159053030','M','Charcoal Heather','#3a3536',45.00),(1751066658,'2020-02-21 09:59:49','2020-02-21 09:59:49','159053030','L','Charcoal Heather','#3a3536',45.00),(1751066659,'2020-02-21 09:59:49','2020-02-21 09:59:49','159053030','XL','Charcoal Heather','#3a3536',45.00),(1751066660,'2020-02-21 09:59:49','2020-02-21 09:59:49','159053030','2XL','Charcoal Heather','#3a3536',51.00),(1751066661,'2020-02-21 09:59:50','2020-02-21 09:59:50','159053030','S','Oxford Grey/ Charcoal Heather','#d1d1d1',45.00),(1751066662,'2020-02-21 09:59:50','2020-02-21 09:59:50','159053030','M','Oxford Grey/ Charcoal Heather','#d1d1d1',45.00),(1751066663,'2020-02-21 09:59:50','2020-02-21 09:59:50','159053030','L','Oxford Grey/ Charcoal Heather','#d1d1d1',45.00),(1751066664,'2020-02-21 09:59:50','2020-02-21 09:59:50','159053030','XL','Oxford Grey/ Charcoal Heather','#d1d1d1',45.00),(1751066665,'2020-02-21 09:59:50','2020-02-21 09:59:50','159053030','2XL','Oxford Grey/ Charcoal Heather','#d1d1d1',51.00),(1751068971,'2020-02-21 09:59:46','2020-02-21 09:59:46','158960926',NULL,'Black','#000000',14.00),(1751068972,'2020-02-21 09:59:46','2020-02-21 09:59:46','158960926',NULL,'Black/ White','#000000',14.00),(1751068973,'2020-02-21 09:59:47','2020-02-21 09:59:47','158960926',NULL,'Brown/ Khaki','#54463B',14.00),(1751068974,'2020-02-21 09:59:47','2020-02-21 09:59:47','158960926',NULL,'Navy','#2C3848',14.00),(1751068975,'2020-02-21 09:59:47','2020-02-21 09:59:47','158960926',NULL,'Navy/ White','#333E50',14.00),(1751068976,'2020-02-21 09:59:47','2020-02-21 09:59:47','158960926',NULL,'Khaki','#C3B091',14.00),(1751068977,'2020-02-21 09:59:47','2020-02-21 09:59:47','158960926',NULL,'Rustic Orange/ Khaki','#E46538',14.00),(1751068978,'2020-02-21 09:59:48','2020-02-21 09:59:48','158960926',NULL,'Pink','#FCA7C4',14.00),(1751068979,'2020-02-21 09:59:48','2020-02-21 09:59:48','158960926',NULL,'Red','#D1132D',14.00),(1751070874,'2020-02-21 09:59:51','2020-02-21 09:59:51','159053396','One Size','Heather Grey / Black','#919498',31.95),(1751071169,'2020-02-21 09:59:51','2020-02-21 09:59:51','159053396','One Size','Heather Black / Black','#42454a',31.95),(1751078573,'2020-02-21 09:59:51','2020-02-21 09:59:51','159053923','15x17','White','#ffffff ',16.60),(1751081699,'2020-02-21 09:59:51','2020-02-21 09:59:51','159054116','15x17','White','#ffffff ',16.60),(1751108132,'2020-02-21 09:59:52','2020-02-21 09:59:52','159055758','S','White','#e5e6e1',15.49),(1751108133,'2020-02-21 09:59:52','2020-02-21 09:59:52','159055758','M','White','#e5e6e1',15.49),(1751108134,'2020-02-21 09:59:52','2020-02-21 09:59:52','159055758','L','White','#e5e6e1',15.49),(1751108135,'2020-02-21 09:59:52','2020-02-21 09:59:52','159055758','XL','White','#e5e6e1',15.49),(1751108136,'2020-02-21 09:59:52','2020-02-21 09:59:52','159055758','2XL','White','#e5e6e1',16.93),(1751108137,'2020-02-21 09:59:53','2020-02-21 09:59:53','159055758','3XL','White','#e5e6e1',18.37),(1751112247,'2020-02-21 10:00:11','2020-02-21 10:00:11','159055990','S','White','#fafbfd',16.04),(1751112248,'2020-02-21 10:00:11','2020-02-21 10:00:11','159055990','M','White','#fafbfd',16.04),(1751112249,'2020-02-21 10:00:11','2020-02-21 10:00:11','159055990','L','White','#fafbfd',16.04),(1751112250,'2020-02-21 10:00:11','2020-02-21 10:00:11','159055990','XL','White','#fafbfd',16.04),(1751112251,'2020-02-21 10:00:12','2020-02-21 10:00:12','159055990','2XL','White','#fafbfd',17.49),(1751113916,'2020-02-21 10:00:12','2020-02-21 10:00:12','159056094','S','White','#e5e6e1',16.04),(1751113917,'2020-02-21 10:00:12','2020-02-21 10:00:12','159056094','M','White','#e5e6e1',16.04),(1751113918,'2020-02-21 10:00:12','2020-02-21 10:00:12','159056094','L','White','#e5e6e1',16.04),(1751113919,'2020-02-21 10:00:12','2020-02-21 10:00:12','159056094','XL','White','#e5e6e1',16.04),(1751113920,'2020-02-21 10:00:13','2020-02-21 10:00:13','159056094','2XL','White','#e5e6e1',17.49),(1751371008,'2020-02-21 09:59:53','2020-02-21 09:59:53','159055758','S','Black','#232227',13.95),(1751371009,'2020-02-21 09:59:53','2020-02-21 09:59:53','159055758','M','Black','#232227',13.95),(1751371010,'2020-02-21 09:59:53','2020-02-21 09:59:53','159055758','L','Black','#232227',13.95),(1751371011,'2020-02-21 09:59:53','2020-02-21 09:59:53','159055758','XL','Black','#232227',13.95),(1751371012,'2020-02-21 09:59:53','2020-02-21 09:59:53','159055758','2XL','Black','#232227',16.55),(1751371013,'2020-02-21 09:59:54','2020-02-21 09:59:54','159055758','3XL','Black','#232227',16.55),(1751371014,'2020-02-21 09:59:54','2020-02-21 09:59:54','159055758','S','Smoke','#403c39',13.95),(1751371015,'2020-02-21 09:59:54','2020-02-21 09:59:54','159055758','M','Smoke','#403c39',13.95),(1751371016,'2020-02-21 09:59:54','2020-02-21 09:59:54','159055758','L','Smoke','#403c39',13.95),(1751371017,'2020-02-21 09:59:54','2020-02-21 09:59:54','159055758','XL','Smoke','#403c39',13.95),(1751371018,'2020-02-21 09:59:54','2020-02-21 09:59:54','159055758','2XL','Smoke','#403c39',16.55),(1751371019,'2020-02-21 09:59:55','2020-02-21 09:59:55','159055758','3XL','Smoke','#403c39',16.55),(1751371020,'2020-02-21 09:59:55','2020-02-21 09:59:55','159055758','S','City Green','#47493b',13.95),(1751371021,'2020-02-21 09:59:55','2020-02-21 09:59:55','159055758','M','City Green','#47493b',13.95),(1751371022,'2020-02-21 09:59:55','2020-02-21 09:59:55','159055758','L','City Green','#47493b',13.95),(1751371023,'2020-02-21 09:59:55','2020-02-21 09:59:55','159055758','XL','City Green','#47493b',13.95),(1751371024,'2020-02-21 09:59:56','2020-02-21 09:59:56','159055758','2XL','City Green','#47493b',16.55),(1751371025,'2020-02-21 09:59:56','2020-02-21 09:59:56','159055758','3XL','City Green','#47493b',16.55),(1751371026,'2020-02-21 09:59:56','2020-02-21 09:59:56','159055758','S','Heather Dark Grey','#262f36',13.95),(1751371027,'2020-02-21 09:59:56','2020-02-21 09:59:56','159055758','M','Heather Dark Grey','#262f36',13.95),(1751371028,'2020-02-21 09:59:56','2020-02-21 09:59:56','159055758','L','Heather Dark Grey','#262f36',13.95),(1751371029,'2020-02-21 09:59:56','2020-02-21 09:59:56','159055758','XL','Heather Dark Grey','#262f36',13.95),(1751371030,'2020-02-21 09:59:57','2020-02-21 09:59:57','159055758','2XL','Heather Dark Grey','#262f36',16.55),(1751371031,'2020-02-21 09:59:57','2020-02-21 09:59:57','159055758','3XL','Heather Dark Grey','#262f36',16.55),(1751371032,'2020-02-21 09:59:57','2020-02-21 09:59:57','159055758','S','Navy','#2d2f3c',13.95),(1751371033,'2020-02-21 09:59:57','2020-02-21 09:59:57','159055758','M','Navy','#2d2f3c',13.95),(1751371034,'2020-02-21 09:59:57','2020-02-21 09:59:57','159055758','L','Navy','#2d2f3c',13.95),(1751371035,'2020-02-21 09:59:57','2020-02-21 09:59:57','159055758','XL','Navy','#2d2f3c',13.95),(1751371036,'2020-02-21 09:59:58','2020-02-21 09:59:58','159055758','2XL','Navy','#2d2f3c',16.55),(1751371037,'2020-02-21 09:59:58','2020-02-21 09:59:58','159055758','3XL','Navy','#2d2f3c',16.55),(1751371038,'2020-02-21 09:59:58','2020-02-21 09:59:58','159055758','S','Lake','#525d6f',13.95),(1751371039,'2020-02-21 09:59:58','2020-02-21 09:59:58','159055758','M','Lake','#525d6f',13.95),(1751371040,'2020-02-21 09:59:58','2020-02-21 09:59:58','159055758','L','Lake','#525d6f',13.95),(1751371041,'2020-02-21 09:59:58','2020-02-21 09:59:58','159055758','XL','Lake','#525d6f',13.95),(1751371042,'2020-02-21 09:59:59','2020-02-21 09:59:59','159055758','2XL','Lake','#525d6f',16.55),(1751371043,'2020-02-21 09:59:59','2020-02-21 09:59:59','159055758','3XL','Lake','#525d6f',16.55),(1751371044,'2020-02-21 09:59:59','2020-02-21 09:59:59','159055758','S','Heather Blue','#4a5684',13.95),(1751371045,'2020-02-21 09:59:59','2020-02-21 09:59:59','159055758','M','Heather Blue','#4a5684',13.95),(1751371046,'2020-02-21 09:59:59','2020-02-21 09:59:59','159055758','L','Heather Blue','#4a5684',13.95),(1751371051,'2020-02-21 09:59:59','2020-02-21 09:59:59','159055758','XL','Heather Blue','#4a5684',13.95),(1751371058,'2020-02-21 10:00:00','2020-02-21 10:00:00','159055758','2XL','Heather Blue','#4a5684',16.55),(1751371067,'2020-02-21 10:00:00','2020-02-21 10:00:00','159055758','3XL','Heather Blue','#4a5684',16.55),(1751371074,'2020-02-21 10:00:00','2020-02-21 10:00:00','159055758','S','Heather Purple','#816fa6',13.95),(1751371084,'2020-02-21 10:00:00','2020-02-21 10:00:00','159055758','M','Heather Purple','#816fa6',13.95),(1751371092,'2020-02-21 10:00:01','2020-02-21 10:00:01','159055758','L','Heather Purple','#816fa6',13.95),(1751371102,'2020-02-21 10:00:01','2020-02-21 10:00:01','159055758','XL','Heather Purple','#816fa6',13.95),(1751371112,'2020-02-21 10:00:01','2020-02-21 10:00:01','159055758','2XL','Heather Purple','#816fa6',16.55),(1751371122,'2020-02-21 10:00:01','2020-02-21 10:00:01','159055758','3XL','Heather Purple','#816fa6',16.55),(1751371130,'2020-02-21 10:00:01','2020-02-21 10:00:01','159055758','S','Maroon','#552535',13.95),(1751371134,'2020-02-21 10:00:02','2020-02-21 10:00:02','159055758','M','Maroon','#552535',13.95),(1751371135,'2020-02-21 10:00:02','2020-02-21 10:00:02','159055758','L','Maroon','#552535',13.95),(1751371136,'2020-02-21 10:00:02','2020-02-21 10:00:02','159055758','XL','Maroon','#552535',13.95),(1751371137,'2020-02-21 10:00:02','2020-02-21 10:00:02','159055758','2XL','Maroon','#552535',16.55),(1751371138,'2020-02-21 10:00:02','2020-02-21 10:00:02','159055758','3XL','Maroon','#552535',16.55),(1751371139,'2020-02-21 10:00:03','2020-02-21 10:00:03','159055758','S','Heather Grey','#928d92',13.95),(1751371140,'2020-02-21 10:00:03','2020-02-21 10:00:03','159055758','M','Heather Grey','#928d92',13.95),(1751371141,'2020-02-21 10:00:03','2020-02-21 10:00:03','159055758','L','Heather Grey','#928d92',13.95),(1751371142,'2020-02-21 10:00:03','2020-02-21 10:00:03','159055758','XL','Heather Grey','#928d92',13.95),(1751371143,'2020-02-21 10:00:03','2020-02-21 10:00:03','159055758','2XL','Heather Grey','#928d92',16.55),(1751371144,'2020-02-21 10:00:03','2020-02-21 10:00:03','159055758','3XL','Heather Grey','#928d92',16.55),(1751371145,'2020-02-21 10:00:04','2020-02-21 10:00:04','159055758','S','Royal Blue','#1f4c90',13.95),(1751371146,'2020-02-21 10:00:04','2020-02-21 10:00:04','159055758','M','Royal Blue','#1f4c90',13.95),(1751371147,'2020-02-21 10:00:04','2020-02-21 10:00:04','159055758','L','Royal Blue','#1f4c90',13.95),(1751371148,'2020-02-21 10:00:04','2020-02-21 10:00:04','159055758','XL','Royal Blue','#1f4c90',13.95),(1751371149,'2020-02-21 10:00:04','2020-02-21 10:00:04','159055758','2XL','Royal Blue','#1f4c90',16.55),(1751371150,'2020-02-21 10:00:04','2020-02-21 10:00:04','159055758','3XL','Royal Blue','#1f4c90',16.55),(1751371151,'2020-02-21 10:00:05','2020-02-21 10:00:05','159055758','S','Heather Green','#5bbb8c',13.95),(1751371152,'2020-02-21 10:00:05','2020-02-21 10:00:05','159055758','M','Heather Green','#5bbb8c',13.95),(1751371153,'2020-02-21 10:00:05','2020-02-21 10:00:05','159055758','L','Heather Green','#5bbb8c',13.95),(1751371154,'2020-02-21 10:00:05','2020-02-21 10:00:05','159055758','XL','Heather Green','#5bbb8c',13.95),(1751371155,'2020-02-21 10:00:05','2020-02-21 10:00:05','159055758','2XL','Heather Green','#5bbb8c',16.55),(1751371156,'2020-02-21 10:00:06','2020-02-21 10:00:06','159055758','3XL','Heather Green','#5bbb8c',16.55),(1751371157,'2020-02-21 10:00:06','2020-02-21 10:00:06','159055758','S','Caribbean Blue','#008fb7',13.95),(1751371158,'2020-02-21 10:00:06','2020-02-21 10:00:06','159055758','M','Caribbean Blue','#008fb7',13.95),(1751371159,'2020-02-21 10:00:06','2020-02-21 10:00:06','159055758','L','Caribbean Blue','#008fb7',13.95),(1751371160,'2020-02-21 10:00:06','2020-02-21 10:00:06','159055758','XL','Caribbean Blue','#008fb7',13.95),(1751371161,'2020-02-21 10:00:06','2020-02-21 10:00:06','159055758','2XL','Caribbean Blue','#008fb7',16.55),(1751371162,'2020-02-21 10:00:07','2020-02-21 10:00:07','159055758','3XL','Caribbean Blue','#008fb7',16.55),(1751371163,'2020-02-21 10:00:07','2020-02-21 10:00:07','159055758','S','Independence Red','#902434',13.95),(1751371164,'2020-02-21 10:00:07','2020-02-21 10:00:07','159055758','M','Independence Red','#902434',13.95),(1751371165,'2020-02-21 10:00:07','2020-02-21 10:00:07','159055758','L','Independence Red','#902434',13.95),(1751371166,'2020-02-21 10:00:07','2020-02-21 10:00:07','159055758','XL','Independence Red','#902434',13.95),(1751371167,'2020-02-21 10:00:07','2020-02-21 10:00:07','159055758','2XL','Independence Red','#902434',16.55),(1751371168,'2020-02-21 10:00:08','2020-02-21 10:00:08','159055758','3XL','Independence Red','#902434',16.55),(1751371174,'2020-02-21 10:00:08','2020-02-21 10:00:08','159055758','S','Heather Red','#971B2F',13.95),(1751371182,'2020-02-21 10:00:08','2020-02-21 10:00:08','159055758','M','Heather Red','#971B2F',13.95),(1751371190,'2020-02-21 10:00:08','2020-02-21 10:00:08','159055758','L','Heather Red','#971B2F',13.95),(1751371192,'2020-02-21 10:00:08','2020-02-21 10:00:08','159055758','XL','Heather Red','#971B2F',13.95),(1751371193,'2020-02-21 10:00:08','2020-02-21 10:00:08','159055758','2XL','Heather Red','#971B2F',16.55),(1751371194,'2020-02-21 10:00:09','2020-02-21 10:00:09','159055758','3XL','Heather Red','#971B2F',16.55),(1751371195,'2020-02-21 10:00:09','2020-02-21 10:00:09','159055758','S','Charity Pink','#e59fb7',13.95),(1751371196,'2020-02-21 10:00:09','2020-02-21 10:00:09','159055758','M','Charity Pink','#e59fb7',13.95),(1751371197,'2020-02-21 10:00:09','2020-02-21 10:00:09','159055758','L','Charity Pink','#e59fb7',13.95),(1751371198,'2020-02-21 10:00:09','2020-02-21 10:00:09','159055758','XL','Charity Pink','#e59fb7',13.95),(1751371199,'2020-02-21 10:00:09','2020-02-21 10:00:09','159055758','2XL','Charity Pink','#e59fb7',16.55),(1751371200,'2020-02-21 10:00:10','2020-02-21 10:00:10','159055758','3XL','Charity Pink','#e59fb7',16.55),(1751371201,'2020-02-21 10:00:10','2020-02-21 10:00:10','159055758','S','Red','#d00f3c',13.95),(1751371202,'2020-02-21 10:00:10','2020-02-21 10:00:10','159055758','M','Red','#d00f3c',13.95),(1751371203,'2020-02-21 10:00:10','2020-02-21 10:00:10','159055758','L','Red','#d00f3c',13.95),(1751371204,'2020-02-21 10:00:10','2020-02-21 10:00:10','159055758','XL','Red','#d00f3c',13.95),(1751371205,'2020-02-21 10:00:10','2020-02-21 10:00:10','159055758','2XL','Red','#d00f3c',16.55),(1751371206,'2020-02-21 10:00:11','2020-02-21 10:00:11','159055758','3XL','Red','#d00f3c',16.55),(1752959365,'2020-02-21 11:19:04','2020-02-21 11:19:04','159231943','XS','White','#e2e3de',12.95),(1752959366,'2020-02-21 11:19:04','2020-02-21 11:19:04','159231943','S','White','#e2e3de',13.90),(1752959367,'2020-02-21 11:19:05','2020-02-21 11:19:05','159231943','M','White','#e2e3de',13.90),(1752959368,'2020-02-21 11:19:05','2020-02-21 11:19:05','159231943','L','White','#e2e3de',13.90),(1752959369,'2020-02-21 11:19:05','2020-02-21 11:19:05','159231943','XL','White','#e2e3de',13.90),(1752959370,'2020-02-21 11:19:05','2020-02-21 11:19:05','159231943','2XL','White','#e2e3de',15.61),(1752959371,'2020-02-21 11:19:05','2020-02-21 11:19:05','159231943','3XL','White','#e2e3de',16.97),(1752959372,'2020-02-21 11:19:06','2020-02-21 11:19:06','159231943','XS','Black','#27262b',12.95),(1752959373,'2020-02-21 11:19:06','2020-02-21 11:19:06','159231943','S','Black','#27262b',13.90),(1752959374,'2020-02-21 11:19:06','2020-02-21 11:19:06','159231943','M','Black','#27262b',13.90),(1752959375,'2020-02-21 11:19:06','2020-02-21 11:19:06','159231943','L','Black','#27262b',13.90),(1752959376,'2020-02-21 11:19:06','2020-02-21 11:19:06','159231943','XL','Black','#27262b',13.90),(1752959377,'2020-02-21 11:19:06','2020-02-21 11:19:06','159231943','2XL','Black','#27262b',15.61),(1752959378,'2020-02-21 11:19:07','2020-02-21 11:19:07','159231943','3XL','Black','#27262b',16.97),(1752959379,'2020-02-21 11:19:07','2020-02-21 11:19:07','159231943','S','Brown','#372d2c',13.90),(1752959380,'2020-02-21 11:19:07','2020-02-21 11:19:07','159231943','M','Brown','#372d2c',13.90),(1752959381,'2020-02-21 11:19:07','2020-02-21 11:19:07','159231943','L','Brown','#372d2c',13.90),(1752959382,'2020-02-21 11:19:07','2020-02-21 11:19:07','159231943','XL','Brown','#372d2c',13.90),(1752959383,'2020-02-21 11:19:08','2020-02-21 11:19:08','159231943','2XL','Brown','#372d2c',15.61),(1752959384,'2020-02-21 11:19:08','2020-02-21 11:19:08','159231943','XS','Black Heather','#2A282B',12.95),(1752959385,'2020-02-21 11:19:08','2020-02-21 11:19:08','159231943','S','Black Heather','#2A282B',13.90),(1752959386,'2020-02-21 11:19:08','2020-02-21 11:19:08','159231943','M','Black Heather','#2A282B',13.90),(1752959387,'2020-02-21 11:19:08','2020-02-21 11:19:08','159231943','L','Black Heather','#2A282B',13.90),(1752959388,'2020-02-21 11:19:08','2020-02-21 11:19:08','159231943','XL','Black Heather','#2A282B',13.90),(1752959389,'2020-02-21 11:19:09','2020-02-21 11:19:09','159231943','2XL','Black Heather','#2A282B',15.61),(1752959390,'2020-02-21 11:19:09','2020-02-21 11:19:09','159231943','3XL','Black Heather','#2A282B',16.97),(1752959391,'2020-02-21 11:19:09','2020-02-21 11:19:09','159231943','S','Heather Forest','#4F5549',13.90),(1752959392,'2020-02-21 11:19:09','2020-02-21 11:19:09','159231943','M','Heather Forest','#4F5549',13.90),(1752959393,'2020-02-21 11:19:09','2020-02-21 11:19:09','159231943','L','Heather Forest','#4F5549',13.90),(1752959394,'2020-02-21 11:19:10','2020-02-21 11:19:10','159231943','XL','Heather Forest','#4F5549',13.90),(1752959395,'2020-02-21 11:19:10','2020-02-21 11:19:10','159231943','2XL','Heather Forest','#4F5549',15.61),(1752959396,'2020-02-21 11:19:10','2020-02-21 11:19:10','159231943','3XL','Heather Forest','#4F5549',16.97),(1752959397,'2020-02-21 11:19:10','2020-02-21 11:19:10','159231943','XS','Heather Midnight Navy','#35353F',12.95),(1752959398,'2020-02-21 11:19:10','2020-02-21 11:19:10','159231943','S','Heather Midnight Navy','#35353F',13.90),(1752959399,'2020-02-21 11:19:11','2020-02-21 11:19:11','159231943','M','Heather Midnight Navy','#35353F',13.90),(1752959400,'2020-02-21 11:19:11','2020-02-21 11:19:11','159231943','L','Heather Midnight Navy','#35353F',13.90),(1752959401,'2020-02-21 11:19:11','2020-02-21 11:19:11','159231943','XL','Heather Midnight Navy','#35353F',13.90),(1752959402,'2020-02-21 11:19:11','2020-02-21 11:19:11','159231943','2XL','Heather Midnight Navy','#35353F',15.61),(1752959403,'2020-02-21 11:19:11','2020-02-21 11:19:11','159231943','3XL','Heather Midnight Navy','#35353F',16.97),(1752959404,'2020-02-21 11:19:11','2020-02-21 11:19:11','159231943','S','Army','#4e4737',13.90),(1752959405,'2020-02-21 11:19:12','2020-02-21 11:19:12','159231943','M','Army','#4e4737',13.90),(1752959406,'2020-02-21 11:19:12','2020-02-21 11:19:12','159231943','L','Army','#4e4737',13.90),(1752959407,'2020-02-21 11:19:12','2020-02-21 11:19:12','159231943','XL','Army','#4e4737',13.90),(1752959408,'2020-02-21 11:19:12','2020-02-21 11:19:12','159231943','2XL','Army','#4e4737',15.61),(1752959409,'2020-02-21 11:19:12','2020-02-21 11:19:12','159231943','3XL','Army','#4e4737',16.97),(1752959410,'2020-02-21 11:19:13','2020-02-21 11:19:13','159231943','S','Olive','#434c31',13.90),(1752959411,'2020-02-21 11:19:13','2020-02-21 11:19:13','159231943','M','Olive','#434c31',13.90),(1752959412,'2020-02-21 11:19:13','2020-02-21 11:19:13','159231943','L','Olive','#434c31',13.90),(1752959413,'2020-02-21 11:19:13','2020-02-21 11:19:13','159231943','XL','Olive','#434c31',13.90),(1752959414,'2020-02-21 11:19:13','2020-02-21 11:19:13','159231943','2XL','Olive','#434c31',15.61),(1752959415,'2020-02-21 11:19:14','2020-02-21 11:19:14','159231943','S','Asphalt','#505457',13.90),(1752959416,'2020-02-21 11:19:14','2020-02-21 11:19:14','159231943','M','Asphalt','#505457',13.90),(1752959417,'2020-02-21 11:19:14','2020-02-21 11:19:14','159231943','L','Asphalt','#505457',13.90),(1752959418,'2020-02-21 11:19:14','2020-02-21 11:19:14','159231943','XL','Asphalt','#505457',13.90),(1752959419,'2020-02-21 11:19:14','2020-02-21 11:19:14','159231943','2XL','Asphalt','#505457',15.61),(1752959420,'2020-02-21 11:19:14','2020-02-21 11:19:14','159231943','3XL','Asphalt','#505457',16.97),(1752959421,'2020-02-21 11:19:15','2020-02-21 11:19:15','159231943','XS','Navy','#37384a',12.95),(1752959422,'2020-02-21 11:19:15','2020-02-21 11:19:15','159231943','S','Navy','#37384a',13.90),(1752959423,'2020-02-21 11:19:15','2020-02-21 11:19:15','159231943','M','Navy','#37384a',13.90),(1752959424,'2020-02-21 11:19:15','2020-02-21 11:19:15','159231943','L','Navy','#37384a',13.90),(1752959425,'2020-02-21 11:19:15','2020-02-21 11:19:15','159231943','XL','Navy','#37384a',13.90),(1752959426,'2020-02-21 11:19:16','2020-02-21 11:19:16','159231943','2XL','Navy','#37384a',15.61),(1752959427,'2020-02-21 11:19:16','2020-02-21 11:19:16','159231943','S','Forest','#1F4A2E',13.90),(1752959428,'2020-02-21 11:19:16','2020-02-21 11:19:16','159231943','M','Forest','#1F4A2E',13.90),(1752959429,'2020-02-21 11:19:16','2020-02-21 11:19:16','159231943','L','Forest','#1F4A2E',13.90),(1752959430,'2020-02-21 11:19:16','2020-02-21 11:19:16','159231943','XL','Forest','#1F4A2E',13.90),(1752959431,'2020-02-21 11:19:17','2020-02-21 11:19:17','159231943','2XL','Forest','#1F4A2E',15.61),(1752959432,'2020-02-21 11:19:17','2020-02-21 11:19:17','159231943','3XL','Forest','#1F4A2E',16.97),(1752959433,'2020-02-21 11:19:17','2020-02-21 11:19:17','159231943','XS','Dark Grey Heather','#3E3C3D',12.95),(1752959434,'2020-02-21 11:19:17','2020-02-21 11:19:17','159231943','S','Dark Grey Heather','#3E3C3D',13.90),(1752959435,'2020-02-21 11:19:17','2020-02-21 11:19:17','159231943','M','Dark Grey Heather','#3E3C3D',13.90),(1752959436,'2020-02-21 11:19:17','2020-02-21 11:19:17','159231943','L','Dark Grey Heather','#3E3C3D',13.90),(1752959437,'2020-02-21 11:19:18','2020-02-21 11:19:18','159231943','XL','Dark Grey Heather','#3E3C3D',13.90),(1752959438,'2020-02-21 11:19:18','2020-02-21 11:19:18','159231943','2XL','Dark Grey Heather','#3E3C3D',15.61),(1752959439,'2020-02-21 11:19:18','2020-02-21 11:19:18','159231943','3XL','Dark Grey Heather','#3E3C3D',16.97),(1752959440,'2020-02-21 11:19:18','2020-02-21 11:19:18','159231943','S','Leaf','#548655',13.90),(1752959441,'2020-02-21 11:19:18','2020-02-21 11:19:18','159231943','M','Leaf','#548655',13.90),(1752959442,'2020-02-21 11:19:18','2020-02-21 11:19:18','159231943','L','Leaf','#548655',13.90),(1752959443,'2020-02-21 11:19:19','2020-02-21 11:19:19','159231943','XL','Leaf','#548655',13.90),(1752959444,'2020-02-21 11:19:19','2020-02-21 11:19:19','159231943','2XL','Leaf','#548655',15.61),(1752959445,'2020-02-21 11:19:19','2020-02-21 11:19:19','159231943','3XL','Leaf','#548655',16.97),(1752959446,'2020-02-21 11:19:19','2020-02-21 11:19:19','159231943','S','Heather Deep Teal','#487485',13.90),(1752959447,'2020-02-21 11:19:19','2020-02-21 11:19:19','159231943','M','Heather Deep Teal','#487485',13.90),(1752959448,'2020-02-21 11:19:20','2020-02-21 11:19:20','159231943','L','Heather Deep Teal','#487485',13.90),(1752959449,'2020-02-21 11:19:20','2020-02-21 11:19:20','159231943','XL','Heather Deep Teal','#487485',13.90),(1752959450,'2020-02-21 11:19:20','2020-02-21 11:19:20','159231943','2XL','Heather Deep Teal','#487485',15.61),(1752959451,'2020-02-21 11:19:20','2020-02-21 11:19:20','159231943','3XL','Heather Deep Teal','#487485',16.97),(1752959452,'2020-02-21 11:19:20','2020-02-21 11:19:20','159231943','S','Athletic Heather','#a8abb2',13.90),(1752959453,'2020-02-21 11:19:20','2020-02-21 11:19:20','159231943','M','Athletic Heather','#a8abb2',13.90),(1752959454,'2020-02-21 11:19:21','2020-02-21 11:19:21','159231943','L','Athletic Heather','#a8abb2',13.90),(1752959455,'2020-02-21 11:19:21','2020-02-21 11:19:21','159231943','XL','Athletic Heather','#a8abb2',13.90),(1752959456,'2020-02-21 11:19:21','2020-02-21 11:19:21','159231943','2XL','Athletic Heather','#a8abb2',15.61),(1752959457,'2020-02-21 11:19:21','2020-02-21 11:19:21','159231943','3XL','Athletic Heather','#a8abb2',16.97),(1752959458,'2020-02-21 11:19:21','2020-02-21 11:19:21','159231943','S','Soft Cream','#d3c4ad',13.90),(1752959459,'2020-02-21 11:19:22','2020-02-21 11:19:22','159231943','M','Soft Cream','#d3c4ad',13.90),(1752959460,'2020-02-21 11:19:22','2020-02-21 11:19:22','159231943','L','Soft Cream','#d3c4ad',13.90),(1752959461,'2020-02-21 11:19:22','2020-02-21 11:19:22','159231943','XL','Soft Cream','#d3c4ad',13.90),(1752959462,'2020-02-21 11:19:22','2020-02-21 11:19:22','159231943','2XL','Soft Cream','#d3c4ad',15.61),(1752959463,'2020-02-21 11:19:22','2020-02-21 11:19:22','159231943','3XL','Soft Cream','#d3c4ad',16.97),(1752959464,'2020-02-21 11:19:23','2020-02-21 11:19:23','159231943','S','Steel Blue','#668ea7',13.90),(1752959465,'2020-02-21 11:19:23','2020-02-21 11:19:23','159231943','M','Steel Blue','#668ea7',13.90),(1752959466,'2020-02-21 11:19:23','2020-02-21 11:19:23','159231943','L','Steel Blue','#668ea7',13.90),(1752959467,'2020-02-21 11:19:23','2020-02-21 11:19:23','159231943','XL','Steel Blue','#668ea7',13.90),(1752959468,'2020-02-21 11:19:23','2020-02-21 11:19:23','159231943','2XL','Steel Blue','#668ea7',15.61),(1752959469,'2020-02-21 11:19:24','2020-02-21 11:19:24','159231943','3XL','Steel Blue','#668ea7',16.97),(1752959470,'2020-02-21 11:19:24','2020-02-21 11:19:24','159231943','XS','Heather Prism Dusty Blue','#a1c3b8',12.95),(1752959471,'2020-02-21 11:19:24','2020-02-21 11:19:24','159231943','S','Heather Prism Dusty Blue','#a1c3b8',13.90),(1752959472,'2020-02-21 11:19:24','2020-02-21 11:19:24','159231943','M','Heather Prism Dusty Blue','#a1c3b8',13.90),(1752959473,'2020-02-21 11:19:24','2020-02-21 11:19:24','159231943','L','Heather Prism Dusty Blue','#a1c3b8',13.90),(1752959474,'2020-02-21 11:19:24','2020-02-21 11:19:24','159231943','XL','Heather Prism Dusty Blue','#a1c3b8',13.90),(1752959475,'2020-02-21 11:19:25','2020-02-21 11:19:25','159231943','2XL','Heather Prism Dusty Blue','#a1c3b8',15.61),(1752959476,'2020-02-21 11:19:25','2020-02-21 11:19:25','159231943','3XL','Heather Prism Dusty Blue','#a1c3b8',16.97),(1752959477,'2020-02-21 11:19:25','2020-02-21 11:19:25','159231943','S','Silver','#e3e3dd',13.90),(1752959478,'2020-02-21 11:19:25','2020-02-21 11:19:25','159231943','M','Silver','#e3e3dd',13.90),(1752959479,'2020-02-21 11:19:25','2020-02-21 11:19:25','159231943','L','Silver','#e3e3dd',13.90),(1752959480,'2020-02-21 11:19:26','2020-02-21 11:19:26','159231943','XL','Silver','#e3e3dd',13.90),(1752959481,'2020-02-21 11:19:26','2020-02-21 11:19:26','159231943','2XL','Silver','#e3e3dd',15.61),(1752959482,'2020-02-21 11:19:26','2020-02-21 11:19:26','159231943','S','Ash','#ecebe9',13.90),(1752959483,'2020-02-21 11:19:26','2020-02-21 11:19:26','159231943','M','Ash','#ecebe9',13.90),(1752959484,'2020-02-21 11:19:26','2020-02-21 11:19:26','159231943','L','Ash','#ecebe9',13.90),(1752959485,'2020-02-21 11:19:27','2020-02-21 11:19:27','159231943','XL','Ash','#ecebe9',13.90),(1752959486,'2020-02-21 11:19:27','2020-02-21 11:19:27','159231943','2XL','Ash','#ecebe9',15.61),(1752959487,'2020-02-21 11:19:27','2020-02-21 11:19:27','159231943','XS','Heather Prism Mint','#aad4b7',12.95),(1752959488,'2020-02-21 11:19:27','2020-02-21 11:19:27','159231943','S','Heather Prism Mint','#aad4b7',13.90),(1752959489,'2020-02-21 11:19:27','2020-02-21 11:19:27','159231943','M','Heather Prism Mint','#aad4b7',13.90),(1752959490,'2020-02-21 11:19:28','2020-02-21 11:19:28','159231943','L','Heather Prism Mint','#aad4b7',13.90),(1752959491,'2020-02-21 11:19:28','2020-02-21 11:19:28','159231943','XL','Heather Prism Mint','#aad4b7',13.90),(1752959492,'2020-02-21 11:19:28','2020-02-21 11:19:28','159231943','2XL','Heather Prism Mint','#aad4b7',15.61),(1752959493,'2020-02-21 11:19:28','2020-02-21 11:19:28','159231943','3XL','Heather Prism Mint','#aad4b7',16.97),(1752959494,'2020-02-21 11:19:28','2020-02-21 11:19:28','159231943','S','True Royal','#18498c',13.90),(1752959495,'2020-02-21 11:19:28','2020-02-21 11:19:28','159231943','M','True Royal','#18498c',13.90),(1752959496,'2020-02-21 11:19:29','2020-02-21 11:19:29','159231943','L','True Royal','#18498c',13.90),(1752959497,'2020-02-21 11:19:29','2020-02-21 11:19:29','159231943','XL','True Royal','#18498c',13.90),(1752959498,'2020-02-21 11:19:29','2020-02-21 11:19:29','159231943','2XL','True Royal','#18498c',15.61),(1752959499,'2020-02-21 11:19:29','2020-02-21 11:19:29','159231943','3XL','True Royal','#18498c',16.97),(1752959500,'2020-02-21 11:19:29','2020-02-21 11:19:29','159231943','S','Kelly','#1c9b64',13.90),(1752959501,'2020-02-21 11:19:30','2020-02-21 11:19:30','159231943','M','Kelly','#1c9b64',13.90),(1752959502,'2020-02-21 11:19:30','2020-02-21 11:19:30','159231943','L','Kelly','#1c9b64',13.90),(1752959503,'2020-02-21 11:19:30','2020-02-21 11:19:30','159231943','XL','Kelly','#1c9b64',13.90),(1752959504,'2020-02-21 11:19:30','2020-02-21 11:19:30','159231943','2XL','Kelly','#1c9b64',15.61),(1752959505,'2020-02-21 11:19:30','2020-02-21 11:19:30','159231943','3XL','Kelly','#1c9b64',16.97),(1752959506,'2020-02-21 11:19:30','2020-02-21 11:19:30','159231943','S','Heather Blue','#86A9C9',13.90),(1752959507,'2020-02-21 11:19:31','2020-02-21 11:19:31','159231943','M','Heather Blue','#86A9C9',13.90),(1752959508,'2020-02-21 11:19:31','2020-02-21 11:19:31','159231943','L','Heather Blue','#86A9C9',13.90),(1752959509,'2020-02-21 11:19:31','2020-02-21 11:19:31','159231943','XL','Heather Blue','#86A9C9',13.90),(1752959510,'2020-02-21 11:19:31','2020-02-21 11:19:31','159231943','2XL','Heather Blue','#86A9C9',15.61),(1752959511,'2020-02-21 11:19:31','2020-02-21 11:19:31','159231943','3XL','Heather Blue','#86A9C9',16.97),(1752959512,'2020-02-21 11:19:31','2020-02-21 11:19:31','159231943','XS','Heather Prism Peach','#eec1b3',12.95),(1752959513,'2020-02-21 11:19:32','2020-02-21 11:19:32','159231943','S','Heather Prism Peach','#eec1b3',13.90),(1752959514,'2020-02-21 11:19:32','2020-02-21 11:19:32','159231943','M','Heather Prism Peach','#eec1b3',13.90),(1752959515,'2020-02-21 11:19:32','2020-02-21 11:19:32','159231943','L','Heather Prism Peach','#eec1b3',13.90),(1752959516,'2020-02-21 11:19:32','2020-02-21 11:19:32','159231943','XL','Heather Prism Peach','#eec1b3',13.90),(1752959517,'2020-02-21 11:19:32','2020-02-21 11:19:32','159231943','2XL','Heather Prism Peach','#eec1b3',15.61),(1752959518,'2020-02-21 11:19:33','2020-02-21 11:19:33','159231943','3XL','Heather Prism Peach','#eec1b3',16.97),(1752959519,'2020-02-21 11:19:33','2020-02-21 11:19:33','159231943','XS','Heather Prism Ice Blue','#c0e3e4',12.95),(1752959520,'2020-02-21 11:19:33','2020-02-21 11:19:33','159231943','S','Heather Prism Ice Blue','#c0e3e4',13.90),(1752959521,'2020-02-21 11:19:33','2020-02-21 11:19:33','159231943','M','Heather Prism Ice Blue','#c0e3e4',13.90),(1752959522,'2020-02-21 11:19:33','2020-02-21 11:19:33','159231943','L','Heather Prism Ice Blue','#c0e3e4',13.90),(1752959523,'2020-02-21 11:19:34','2020-02-21 11:19:34','159231943','XL','Heather Prism Ice Blue','#c0e3e4',13.90),(1752959524,'2020-02-21 11:19:34','2020-02-21 11:19:34','159231943','2XL','Heather Prism Ice Blue','#c0e3e4',15.61),(1752959525,'2020-02-21 11:19:34','2020-02-21 11:19:34','159231943','3XL','Heather Prism Ice Blue','#c0e3e4',16.97),(1752959526,'2020-02-21 11:19:34','2020-02-21 11:19:34','159231943','3XL','Ash','#EEF0F2',16.97),(1752959527,'2020-02-21 11:19:34','2020-02-21 11:19:34','159231943','S','Aqua','#5191bd',13.90),(1752959528,'2020-02-21 11:19:34','2020-02-21 11:19:34','159231943','M','Aqua','#5191bd',13.90),(1752959529,'2020-02-21 11:19:35','2020-02-21 11:19:35','159231943','L','Aqua','#5191bd',13.90),(1752959530,'2020-02-21 11:19:35','2020-02-21 11:19:35','159231943','XL','Aqua','#5191bd',13.90),(1752959531,'2020-02-21 11:19:35','2020-02-21 11:19:35','159231943','2XL','Aqua','#5191bd',15.61),(1752959532,'2020-02-21 11:19:35','2020-02-21 11:19:35','159231943','3XL','Aqua','#5191bd',16.97),(1752959533,'2020-02-21 11:19:35','2020-02-21 11:19:35','159231943','S','Heather Mint','#72D3B4',13.90),(1752959534,'2020-02-21 11:19:36','2020-02-21 11:19:36','159231943','M','Heather Mint','#72D3B4',13.90),(1752959535,'2020-02-21 11:19:36','2020-02-21 11:19:36','159231943','L','Heather Mint','#72D3B4',13.90),(1752959536,'2020-02-21 11:19:36','2020-02-21 11:19:36','159231943','XL','Heather Mint','#72D3B4',13.90),(1752959537,'2020-02-21 11:19:36','2020-02-21 11:19:36','159231943','2XL','Heather Mint','#72D3B4',15.61),(1752959538,'2020-02-21 11:19:36','2020-02-21 11:19:36','159231943','3XL','Heather Mint','#72D3B4',16.97),(1752959540,'2020-02-21 11:19:37','2020-02-21 11:19:37','159231943','S','Heather Orange','#D96E51',13.90),(1752959543,'2020-02-21 11:19:37','2020-02-21 11:19:37','159231943','M','Heather Orange','#D96E51',13.90),(1752959544,'2020-02-21 11:19:37','2020-02-21 11:19:37','159231943','L','Heather Orange','#D96E51',13.90),(1752959545,'2020-02-21 11:19:37','2020-02-21 11:19:37','159231943','XL','Heather Orange','#D96E51',13.90),(1752959546,'2020-02-21 11:19:37','2020-02-21 11:19:37','159231943','2XL','Heather Orange','#D96E51',15.61),(1752959547,'2020-02-21 11:19:38','2020-02-21 11:19:38','159231943','3XL','Heather Orange','#D96E51',16.97),(1752959548,'2020-02-21 11:19:38','2020-02-21 11:19:38','159231943','S','Yellow','#fbf271',13.90),(1752959549,'2020-02-21 11:19:38','2020-02-21 11:19:38','159231943','M','Yellow','#fbf271',13.90),(1752959550,'2020-02-21 11:19:38','2020-02-21 11:19:38','159231943','L','Yellow','#fbf271',13.90),(1752959551,'2020-02-21 11:19:38','2020-02-21 11:19:38','159231943','XL','Yellow','#fbf271',13.90),(1752959552,'2020-02-21 11:19:38','2020-02-21 11:19:38','159231943','2XL','Yellow','#fbf271',15.61),(1752959553,'2020-02-21 11:19:39','2020-02-21 11:19:39','159231943','3XL','Yellow','#fbf271',16.97),(1752959554,'2020-02-21 11:19:39','2020-02-21 11:19:39','159231943','S','Heather True Royal','#5F98E6',13.90),(1752959555,'2020-02-21 11:19:39','2020-02-21 11:19:39','159231943','M','Heather True Royal','#5F98E6',13.90),(1752959556,'2020-02-21 11:19:39','2020-02-21 11:19:39','159231943','L','Heather True Royal','#5F98E6',13.90),(1752959557,'2020-02-21 11:19:39','2020-02-21 11:19:39','159231943','XL','Heather True Royal','#5F98E6',13.90),(1752959558,'2020-02-21 11:19:40','2020-02-21 11:19:40','159231943','2XL','Heather True Royal','#5F98E6',15.61),(1752959559,'2020-02-21 11:19:40','2020-02-21 11:19:40','159231943','3XL','Heather True Royal','#5F98E6',16.97),(1752959560,'2020-02-21 11:19:40','2020-02-21 11:19:40','159231943','XS','Heather Prism Lilac','#d9b0cb',12.95),(1752959561,'2020-02-21 11:19:40','2020-02-21 11:19:40','159231943','S','Heather Prism Lilac','#d9b0cb',13.90),(1752959562,'2020-02-21 11:19:40','2020-02-21 11:19:40','159231943','M','Heather Prism Lilac','#d9b0cb',13.90),(1752959563,'2020-02-21 11:19:40','2020-02-21 11:19:40','159231943','L','Heather Prism Lilac','#d9b0cb',13.90),(1752959564,'2020-02-21 11:19:41','2020-02-21 11:19:41','159231943','XL','Heather Prism Lilac','#d9b0cb',13.90),(1752959565,'2020-02-21 11:19:41','2020-02-21 11:19:41','159231943','2XL','Heather Prism Lilac','#d9b0cb',15.61),(1752959566,'2020-02-21 11:19:41','2020-02-21 11:19:41','159231943','3XL','Heather Prism Lilac','#d9b0cb',16.97),(1752959567,'2020-02-21 11:19:41','2020-02-21 11:19:41','159231943','S','Gold','#f8a933',13.90),(1752959568,'2020-02-21 11:19:41','2020-02-21 11:19:41','159231943','M','Gold','#f8a933',13.90),(1752959572,'2020-02-21 11:19:41','2020-02-21 11:19:41','159231943','L','Gold','#f8a933',13.90),(1752959573,'2020-02-21 11:19:42','2020-02-21 11:19:42','159231943','XL','Gold','#f8a933',13.90),(1752959574,'2020-02-21 11:19:42','2020-02-21 11:19:42','159231943','2XL','Gold','#f8a933',15.61),(1752959575,'2020-02-21 11:19:42','2020-02-21 11:19:42','159231943','3XL','Gold','#f8a933',16.97),(1752959576,'2020-02-21 11:19:42','2020-02-21 11:19:42','159231943','S','Red','#a02331',13.90),(1752959577,'2020-02-21 11:19:42','2020-02-21 11:19:42','159231943','M','Red','#a02331',13.90),(1752959578,'2020-02-21 11:19:43','2020-02-21 11:19:43','159231943','L','Red','#a02331',13.90),(1752959579,'2020-02-21 11:19:43','2020-02-21 11:19:43','159231943','XL','Red','#a02331',13.90),(1752959580,'2020-02-21 11:19:43','2020-02-21 11:19:43','159231943','2XL','Red','#a02331',15.61),(1752959581,'2020-02-21 11:19:43','2020-02-21 11:19:43','159231943','3XL','Red','#a02331',16.97),(1752959582,'2020-02-21 11:19:43','2020-02-21 11:19:43','159231943','S','Berry','#c13c7e',13.90),(1752959583,'2020-02-21 11:19:44','2020-02-21 11:19:44','159231943','M','Berry','#c13c7e',13.90),(1752959584,'2020-02-21 11:19:44','2020-02-21 11:19:44','159231943','L','Berry','#c13c7e',13.90),(1752959585,'2020-02-21 11:19:44','2020-02-21 11:19:44','159231943','XL','Berry','#c13c7e',13.90),(1752959586,'2020-02-21 11:19:44','2020-02-21 11:19:44','159231943','2XL','Berry','#c13c7e',15.61),(1752959587,'2020-02-21 11:19:44','2020-02-21 11:19:44','159231943','3XL','Berry','#c13c7e',16.97),(1752959588,'2020-02-21 11:19:44','2020-02-21 11:19:44','159231943','S','Pink','#fcd1db',13.90),(1752959589,'2020-02-21 11:19:45','2020-02-21 11:19:45','159231943','M','Pink','#fcd1db',13.90),(1752959590,'2020-02-21 11:19:45','2020-02-21 11:19:45','159231943','L','Pink','#fcd1db',13.90),(1752959591,'2020-02-21 11:19:45','2020-02-21 11:19:45','159231943','XL','Pink','#fcd1db',13.90),(1752959592,'2020-02-21 11:19:45','2020-02-21 11:19:45','159231943','2XL','Pink','#fcd1db',15.61),(1752959593,'2020-02-21 11:19:45','2020-02-21 11:19:45','159231943','3XL','Pink','#fcd1db',16.97),(1752959594,'2020-02-21 11:19:46','2020-02-21 11:19:46','159231943','S','Heather Raspberry','#FC667D',13.90),(1752959595,'2020-02-21 11:19:46','2020-02-21 11:19:46','159231943','M','Heather Raspberry','#FC667D',13.90),(1752959596,'2020-02-21 11:19:46','2020-02-21 11:19:46','159231943','L','Heather Raspberry','#FC667D',13.90),(1752959597,'2020-02-21 11:19:46','2020-02-21 11:19:46','159231943','XL','Heather Raspberry','#FC667D',13.90),(1752959598,'2020-02-21 11:19:46','2020-02-21 11:19:46','159231943','2XL','Heather Raspberry','#FC667D',15.61),(1752959599,'2020-02-21 11:19:46','2020-02-21 11:19:46','159231943','3XL','Heather Raspberry','#FC667D',16.97);
/*!40000 ALTER TABLE `product_variants` ENABLE KEYS */;
UNLOCK TABLES;

--
-- Table structure for table `products`
--

DROP TABLE IF EXISTS `products`;
/*!40101 SET @saved_cs_client     = @@character_set_client */;
/*!50503 SET character_set_client = utf8mb4 */;
CREATE TABLE `products` (
  `id` int(10) unsigned NOT NULL AUTO_INCREMENT,
  `created_at` timestamp NULL DEFAULT NULL,
  `updated_at` timestamp NULL DEFAULT NULL,
  `deleted_at` timestamp NULL DEFAULT NULL,
  `name` varchar(191) COLLATE utf8mb4_unicode_ci NOT NULL,
  `thumbnail_url` varchar(191) COLLATE utf8mb4_unicode_ci NOT NULL,
  PRIMARY KEY (`id`)
) ENGINE=InnoDB AUTO_INCREMENT=159231944 DEFAULT CHARSET=utf8mb4 COLLATE=utf8mb4_unicode_ci;
/*!40101 SET character_set_client = @saved_cs_client */;

--
-- Dumping data for table `products`
--

LOCK TABLES `products` WRITE;
/*!40000 ALTER TABLE `products` DISABLE KEYS */;
INSERT INTO `products` VALUES (158960926,'2020-02-21 09:57:52','2020-02-21 09:57:52',NULL,'Summer Hop 2020 - Trucker Cap','https://files.cdn.printful.com/files/295/2957191475cbbdc7a2fcadc8bef20c93_preview.png'),(159053030,'2020-02-21 09:57:52','2020-02-21 09:57:52',NULL,'Summer Hop 2020 - Izšūta Champion Bumbvedēja Jaka','https://files.cdn.printful.com/files/fb7/fb7519a398102f5ba84f2e55e6d9df48_preview.png'),(159053396,'2020-02-21 09:57:52','2020-02-21 09:57:52',NULL,'Summer Hop 2020 - Izšūta Champion Mugursoma','https://files.cdn.printful.com/files/8c9/8c9ffd970d17380cb4524d06703137a8_preview.png'),(159053923,'2020-02-21 09:57:52','2020-02-21 09:57:52',NULL,'Summer Hop 2020 - Zaļa Soma Maiņas Apaviem','https://files.cdn.printful.com/files/cc4/cc42214e10feec73026c43b5b6bf6183_preview.png'),(159054116,'2020-02-21 09:57:52','2020-02-21 09:57:52',NULL,'Summer Hop 2020 - Balta Maiņas Apavu Soma','https://files.cdn.printful.com/files/a73/a73457b000ac32bde3a72d6f4e875bed_preview.png'),(159055758,'2020-02-21 09:57:52','2020-02-21 09:57:52',NULL,'Oficiālais Summer Hop 2020 Unisex T-krekls','https://files.cdn.printful.com/files/540/540502fab24713a6347e212a2c27b60d_preview.png'),(159055990,'2020-02-21 09:57:52','2020-02-21 09:57:52',NULL,'Oficiālais Summer Hop 2020 Sieviešu V-Neck Krekls','https://files.cdn.printful.com/files/525/525a2cf788900521255aafff9914602c_preview.png'),(159056094,'2020-02-21 09:57:52','2020-02-21 09:57:52',NULL,'Oficiālais Summer Hop 2020 Vīriešu V-Neck Krekls','https://files.cdn.printful.com/files/a57/a57c7ecd75013fa37fe21cb9db868157_preview.png'),(159231943,'2020-02-21 11:14:03','2020-02-21 11:15:00',NULL,'Summer Hop 2020 Izšūts Short-Sleeve Unisex T-Shirt','https://files.cdn.printful.com/files/27c/27c0222a8f5d5658aa9e45ead095fd54_preview.png');
/*!40000 ALTER TABLE `products` ENABLE KEYS */;
UNLOCK TABLES;

--
-- Table structure for table `role_user`
--

DROP TABLE IF EXISTS `role_user`;
/*!40101 SET @saved_cs_client     = @@character_set_client */;
/*!50503 SET character_set_client = utf8mb4 */;
CREATE TABLE `role_user` (
  `user_id` int(10) unsigned NOT NULL,
  `role_id` int(10) unsigned NOT NULL,
  PRIMARY KEY (`user_id`,`role_id`),
  KEY `role_user_role_id_foreign` (`role_id`)
) ENGINE=MyISAM DEFAULT CHARSET=utf8 COLLATE=utf8_unicode_ci;
/*!40101 SET character_set_client = @saved_cs_client */;

--
-- Dumping data for table `role_user`
--

LOCK TABLES `role_user` WRITE;
/*!40000 ALTER TABLE `role_user` DISABLE KEYS */;
INSERT INTO `role_user` VALUES (1,1),(6,1);
/*!40000 ALTER TABLE `role_user` ENABLE KEYS */;
UNLOCK TABLES;

--
-- Table structure for table `roles`
--

DROP TABLE IF EXISTS `roles`;
/*!40101 SET @saved_cs_client     = @@character_set_client */;
/*!50503 SET character_set_client = utf8mb4 */;
CREATE TABLE `roles` (
  `deleted_at` timestamp NULL DEFAULT NULL,
  `id` int(10) unsigned NOT NULL AUTO_INCREMENT,
  `name` varchar(255) COLLATE utf8_unicode_ci NOT NULL,
  `display_name` varchar(255) COLLATE utf8_unicode_ci DEFAULT NULL,
  `description` varchar(255) COLLATE utf8_unicode_ci DEFAULT NULL,
  `created_at` timestamp NULL DEFAULT NULL,
  `updated_at` timestamp NULL DEFAULT NULL,
  PRIMARY KEY (`id`),
  UNIQUE KEY `roles_name_unique` (`name`)
) ENGINE=MyISAM AUTO_INCREMENT=2 DEFAULT CHARSET=utf8 COLLATE=utf8_unicode_ci;
/*!40101 SET character_set_client = @saved_cs_client */;

--
-- Dumping data for table `roles`
--

LOCK TABLES `roles` WRITE;
/*!40000 ALTER TABLE `roles` DISABLE KEYS */;
INSERT INTO `roles` VALUES (NULL,1,'admin','Administrator','Can do anything','2017-03-30 12:15:51','2017-03-30 12:15:51');
/*!40000 ALTER TABLE `roles` ENABLE KEYS */;
UNLOCK TABLES;

--
-- Table structure for table `songs`
--

DROP TABLE IF EXISTS `songs`;
/*!40101 SET @saved_cs_client     = @@character_set_client */;
/*!50503 SET character_set_client = utf8mb4 */;
CREATE TABLE `songs` (
  `id` int(10) unsigned NOT NULL AUTO_INCREMENT,
  `created_at` timestamp NULL DEFAULT NULL,
  `updated_at` timestamp NULL DEFAULT NULL,
  `name` varchar(255) COLLATE utf8_unicode_ci NOT NULL,
  `spotify_id` varchar(255) COLLATE utf8_unicode_ci NOT NULL,
  `artist_id` int(11) NOT NULL,
  `tempo` double(8,2) DEFAULT NULL,
  `duration_ms` int(11) NOT NULL,
  `dance_id` int(11) NOT NULL,
  `created_by` int(10) unsigned DEFAULT NULL,
  `updated_by` int(10) unsigned DEFAULT NULL,
  `deleted_by` int(10) unsigned DEFAULT NULL,
  PRIMARY KEY (`id`)
) ENGINE=MyISAM AUTO_INCREMENT=35 DEFAULT CHARSET=utf8 COLLATE=utf8_unicode_ci;
/*!40101 SET character_set_client = @saved_cs_client */;

--
-- Dumping data for table `songs`
--

LOCK TABLES `songs` WRITE;
/*!40000 ALTER TABLE `songs` DISABLE KEYS */;
INSERT INTO `songs` VALUES (1,'2017-08-29 10:50:39','2017-08-29 10:50:39','Big Apple Contest','1YBL1PPkd5P1LBSaO99OxN',1,211.50,177600,4,NULL,NULL,NULL),(2,'2017-08-29 12:17:30','2017-08-29 12:17:30','My Baby Just Cares for Me - 2013 Remastered Version','6VTbbVjKOC2qWagIDbkJrC',2,118.58,215746,10,NULL,NULL,NULL),(3,'2017-08-29 12:22:52','2017-08-29 12:22:52','Jump in the Line','70mAceS5ArAqVj2OwDE4db',3,113.86,224000,2,NULL,NULL,NULL),(4,'2017-08-29 12:41:17','2017-08-29 12:41:17','Can\'t Get Used to Loosing You','6hhKlYAM68lYfwgRgo6jpl',4,108.25,115959,2,NULL,NULL,NULL),(6,'2017-09-14 08:31:09','2017-09-14 08:31:09','Shake It Baby','36JcIX87XFWcR9z8LArQmJ',6,168.11,262266,4,NULL,NULL,NULL),(7,'2017-09-19 07:37:22','2017-09-19 07:37:22','My Baby Just Cares for Me - 2013 Remastered Version','6VTbbVjKOC2qWagIDbkJrC',2,118.58,215746,3,NULL,NULL,NULL),(8,'2018-03-25 11:46:57','2018-03-25 11:46:57','Peppy and George','3xlQacDJHYQdhZAzBZWSk6',7,226.00,125533,4,NULL,NULL,NULL),(9,'2018-08-15 08:29:38','2018-08-15 08:29:38','Vivir Mi Vida','3QHMxEOAGD51PDlbFPHLyJ',8,105.02,252346,2,NULL,NULL,NULL),(10,'2018-08-15 08:46:17','2018-08-15 08:46:17','Blues Is My Story','1T3ZvNS7lYYwPUqMGN68ht',9,69.74,275853,9,NULL,NULL,NULL),(11,'2018-08-15 11:14:11','2018-08-15 11:14:11','Coconut Woman','0W7tndAZoPf2Mk9EDkEjUL',3,87.71,199661,2,NULL,NULL,NULL),(12,'2018-08-15 11:41:45','2018-08-15 11:41:45','Micaela','1m3paVx65imhvCjPx505Oy',10,179.60,284653,2,NULL,NULL,NULL),(13,'2018-08-16 09:09:37','2018-08-16 09:09:37','Rag, Mama, Rag','4uIkX6zZOOH1aSAvqd2cXH',11,105.07,161293,14,NULL,NULL,NULL),(14,'2018-08-16 11:38:42','2018-08-16 11:38:42','Turn off the Lights','2j3qaUz0FUElfc5tFr4n4H',12,163.55,243066,2,1,1,NULL),(15,'2018-08-16 12:04:05','2018-08-16 12:04:05','Whatcha Know Joe','0PrFduzAYXU0OKKazphoW5',13,81.74,210994,3,1,1,NULL),(16,'2018-08-17 07:25:42','2018-08-17 07:25:42','Remenea','73yv35Bl7kkQOvFocxfKWW',14,100.00,253226,5,1,1,NULL),(17,'2018-08-20 12:41:42','2018-08-20 12:41:42','Chan Chan','0sp4C7R1ZdAQPQnB5hkwAt',15,102.14,390560,15,1,1,NULL),(18,'2018-08-26 11:33:34','2018-08-26 11:33:34','This Is America','0b9oOr2ZgvyQu88wzixux9',16,120.02,225773,17,1,1,NULL),(19,'2018-08-26 11:34:44','2018-08-26 11:34:44','Tomas','00EfKh44L0nLLg3xmoRagM',17,93.72,159842,17,1,1,NULL),(20,'2018-08-26 11:35:05','2018-08-26 11:35:05','Maluco','45vs605UJcgCwq2TL6nood',18,130.07,153260,17,1,1,NULL),(21,'2018-08-26 11:35:29','2018-08-26 11:35:29','Water No Get Enemy','78ruRvasI4AEA3ibWwcV1v',19,90.98,591693,17,1,1,NULL),(22,'2018-08-26 11:35:54','2018-08-26 11:35:54','Zombie','0DuuEawKZv0CaPpojnMciU',19,131.39,745653,17,1,1,NULL),(23,'2018-08-26 14:36:39','2018-08-26 14:36:39','Ezoka','4MwGxBiptBsdi2mFUv77oN',20,127.01,230016,17,1,1,NULL),(24,'2018-08-26 21:48:53','2018-08-26 21:48:53','Libertango','3SsPVhEHMoOlVwHMtng5mH',21,158.94,251493,18,1,1,NULL),(25,'2018-08-27 06:59:43','2018-08-27 06:59:43','S.O.B.','1hWQvA6oGVJ2mAVsZ59AaV',22,109.95,247612,3,1,1,NULL),(26,'2018-08-29 06:13:29','2018-08-29 06:13:29','Santa María (del Buen Ayre)','65MDo5mxRY45IHpyVkLEU5',23,118.00,357906,18,1,1,NULL),(27,'2018-08-30 06:22:51','2018-08-30 06:22:51','In the Mood','6dZKWYSx5YBIme4SfpIHJ0',24,82.77,211586,3,1,1,NULL),(28,'2018-08-30 06:25:13','2018-08-30 06:25:13','Chattanooga Choo Choo','1XogctkYSgvS6R4zSKRLkQ',24,145.72,206213,3,1,1,NULL),(29,'2018-09-11 07:31:55','2018-09-11 07:31:55','Chin Chon Chow','1qjvPM1zn6mjy5VyLUypGd',25,157.04,171213,2,1,1,NULL),(30,'2018-09-11 07:53:18','2018-09-11 07:53:18','Yamulemau','0UCVLx34GEdkVkjDuSfB45',26,163.45,270626,2,1,1,NULL),(31,'2018-09-11 08:52:32','2018-09-11 08:52:32','I Am Lost - Salsa Version','5ikqhNdFjIYv9gAqBbOJNA',27,96.47,264188,2,1,1,NULL),(32,'2019-03-19 10:48:28','2019-03-19 10:48:28','Joshua Fit De Battle of Jericho','6mhzK4YvxzG2MQseaazRGt',28,179.96,201826,20,1,1,NULL),(33,'2019-03-19 12:01:09','2019-03-19 12:01:09','Rockin\' In Rhythm','2IeX7Gi3xKkfdrKxfYET8w',29,175.23,194400,20,1,1,NULL),(34,'2019-03-19 12:02:30','2019-03-19 12:02:30','Casa Loma Stomp','50TnMQbyJyFmz8R3lNNpot',30,157.19,156000,20,1,1,NULL);
/*!40000 ALTER TABLE `songs` ENABLE KEYS */;
UNLOCK TABLES;

--
-- Table structure for table `step_user`
--

DROP TABLE IF EXISTS `step_user`;
/*!40101 SET @saved_cs_client     = @@character_set_client */;
/*!50503 SET character_set_client = utf8mb4 */;
CREATE TABLE `step_user` (
  `id` int(10) unsigned NOT NULL AUTO_INCREMENT,
  `created_at` timestamp NULL DEFAULT NULL,
  `updated_at` timestamp NULL DEFAULT NULL,
  `user_id` int(11) NOT NULL,
  `step_id` int(11) NOT NULL,
  `skill` int(11) DEFAULT NULL,
  `relation_type` tinyint(1) NOT NULL,
  PRIMARY KEY (`id`)
) ENGINE=MyISAM AUTO_INCREMENT=110 DEFAULT CHARSET=utf8 COLLATE=utf8_unicode_ci;
/*!40101 SET character_set_client = @saved_cs_client */;

--
-- Dumping data for table `step_user`
--

LOCK TABLES `step_user` WRITE;
/*!40000 ALTER TABLE `step_user` DISABLE KEYS */;
INSERT INTO `step_user` VALUES (14,NULL,NULL,1,70,NULL,1),(2,NULL,NULL,1,23,NULL,1),(3,NULL,NULL,1,56,NULL,1),(4,NULL,NULL,1,10,NULL,1),(5,NULL,NULL,1,55,NULL,2),(6,NULL,NULL,1,57,NULL,2),(7,NULL,NULL,1,51,NULL,1),(8,NULL,NULL,1,52,NULL,1),(76,NULL,NULL,1,53,NULL,1),(10,NULL,NULL,1,1,NULL,1),(16,NULL,NULL,1,54,NULL,2),(17,NULL,NULL,1,71,NULL,2),(32,NULL,NULL,1,79,NULL,2),(19,NULL,NULL,1,12,NULL,1),(20,NULL,NULL,1,29,NULL,1),(21,NULL,NULL,1,74,NULL,2),(22,NULL,NULL,1,25,NULL,1),(68,NULL,NULL,1,78,NULL,1),(24,NULL,NULL,1,16,NULL,1),(25,NULL,NULL,1,13,NULL,1),(57,NULL,NULL,1,26,NULL,1),(92,NULL,NULL,1,24,NULL,1),(89,NULL,NULL,1,27,NULL,1),(29,NULL,NULL,1,15,NULL,1),(30,NULL,NULL,1,14,NULL,1),(33,NULL,NULL,1,11,NULL,1),(34,NULL,NULL,1,80,NULL,2),(35,NULL,NULL,1,4,NULL,2),(39,NULL,NULL,1,66,NULL,2),(38,NULL,NULL,1,63,NULL,2),(40,NULL,NULL,1,6,NULL,2),(41,NULL,NULL,1,73,NULL,2),(42,NULL,NULL,1,67,NULL,2),(43,NULL,NULL,1,59,NULL,2),(90,NULL,NULL,1,5,NULL,1),(45,NULL,NULL,1,7,NULL,2),(46,NULL,NULL,1,58,NULL,2),(47,NULL,NULL,1,98,NULL,2),(48,NULL,NULL,1,97,NULL,2),(49,NULL,NULL,1,99,NULL,2),(50,NULL,NULL,1,100,NULL,2),(52,NULL,NULL,1,103,NULL,2),(53,NULL,NULL,1,102,NULL,2),(54,NULL,NULL,1,101,NULL,2),(55,NULL,NULL,1,105,NULL,2),(56,NULL,NULL,1,104,NULL,2),(91,NULL,NULL,1,20,NULL,1),(59,NULL,NULL,1,143,NULL,1),(60,NULL,NULL,1,144,NULL,1),(61,NULL,NULL,1,154,NULL,1),(62,NULL,NULL,1,155,NULL,1),(63,NULL,NULL,1,153,NULL,1),(64,NULL,NULL,1,156,NULL,1),(65,NULL,NULL,1,151,NULL,1),(66,NULL,NULL,1,147,NULL,1),(67,NULL,NULL,1,145,NULL,1),(69,NULL,NULL,1,175,NULL,1),(71,NULL,NULL,1,188,NULL,2),(74,NULL,NULL,1,158,NULL,1),(77,NULL,NULL,1,243,NULL,1),(78,NULL,NULL,1,251,NULL,1),(79,NULL,NULL,1,248,NULL,1),(80,NULL,NULL,1,254,NULL,1),(81,NULL,NULL,1,253,NULL,1),(82,NULL,NULL,1,257,NULL,1),(83,NULL,NULL,1,256,NULL,1),(84,NULL,NULL,1,260,NULL,2),(85,NULL,NULL,1,242,NULL,1),(86,NULL,NULL,1,246,NULL,1),(87,NULL,NULL,1,247,NULL,2),(88,NULL,NULL,1,259,NULL,2),(93,NULL,NULL,1,167,NULL,1),(94,NULL,NULL,1,299,NULL,2),(95,NULL,NULL,1,297,NULL,2),(96,NULL,NULL,1,298,NULL,2),(97,NULL,NULL,1,300,NULL,2),(98,NULL,NULL,1,311,NULL,2),(99,NULL,NULL,1,312,NULL,2),(100,NULL,NULL,1,310,NULL,2),(101,NULL,NULL,1,316,NULL,1),(102,NULL,NULL,1,319,NULL,2),(103,NULL,NULL,1,320,NULL,2),(104,NULL,NULL,1,317,NULL,2),(105,NULL,NULL,1,318,NULL,2),(106,NULL,NULL,1,326,NULL,2),(107,NULL,NULL,1,325,NULL,2),(108,NULL,NULL,1,323,NULL,2),(109,NULL,NULL,1,321,NULL,1);
/*!40000 ALTER TABLE `step_user` ENABLE KEYS */;
UNLOCK TABLES;

--
-- Table structure for table `steps`
--

DROP TABLE IF EXISTS `steps`;
/*!40101 SET @saved_cs_client     = @@character_set_client */;
/*!50503 SET character_set_client = utf8mb4 */;
CREATE TABLE `steps` (
  `id` int(10) unsigned NOT NULL AUTO_INCREMENT,
  `created_at` timestamp NULL DEFAULT NULL,
  `updated_at` timestamp NULL DEFAULT NULL,
  `deleted_at` timestamp NULL DEFAULT NULL,
  `title` varchar(255) COLLATE utf8_unicode_ci NOT NULL,
  `dance_id` int(11) NOT NULL,
  `description` text COLLATE utf8_unicode_ci DEFAULT NULL,
  `difficulty` int(11) NOT NULL,
  `created_by` int(11) NOT NULL,
  `updated_by` int(11) DEFAULT NULL,
  PRIMARY KEY (`id`)
) ENGINE=MyISAM AUTO_INCREMENT=331 DEFAULT CHARSET=utf8 COLLATE=utf8_unicode_ci;
/*!40101 SET character_set_client = @saved_cs_client */;

--
-- Dumping data for table `steps`
--

LOCK TABLES `steps` WRITE;
/*!40000 ALTER TABLE `steps` DISABLE KEYS */;
INSERT INTO `steps` VALUES (1,'2017-03-28 11:38:43','2017-03-28 11:38:43',NULL,'Mambo',2,'Pamatsolis',1,1,NULL),(2,'2017-03-28 11:58:34','2017-03-28 11:58:34',NULL,'Shim Sham',4,'',1,1,NULL),(3,'2017-03-28 11:59:18','2017-03-28 11:59:18',NULL,'Tacky Annie',4,'',1,1,NULL),(4,'2017-03-28 12:00:16','2017-03-29 08:15:02',NULL,'Apple Jacks',4,'<h3>Tips:</h3>\r\n<ul>\r\n<li>\r\nKeep your feet approximately parallel. Don’t go too pigeon toed or point your toes apart.\r\n</li>\r\n<li>\r\nSee how the knee of my leg that I’m NOT standing on is a little in front? It not only looks nice, it’s an easy and obvious position to put your leg in when you’re pivoting on the other foot.\r\n</li>\r\n<li>\r\nUse your core! Keep your head and shoulders pointed mostly forward, and let the spine and pelvis twist a little back and forth with your feet.\r\n</li>\r\n<li>\r\nBalance, balance, balance.\r\n</li>\r\n</ul>\r\nhttps://www.youtube.com/watch?v=ZbxSpX7U4jQ',1,1,NULL),(5,'2017-03-28 12:00:44','2017-04-11 18:36:09',NULL,'Fall of a Log',4,'',1,1,NULL),(6,'2017-03-28 12:02:43','2017-03-28 12:02:43',NULL,'Break',4,'',1,1,NULL),(7,'2017-03-28 12:03:02','2017-03-28 12:03:02',NULL,'Half Break',4,'',1,1,NULL),(8,'2017-03-28 12:03:21','2017-03-28 12:03:21',NULL,'Kick Ball Change',4,'',1,1,NULL),(9,'2017-03-28 12:04:10','2017-03-28 12:04:10',NULL,'Shorty George',4,'',1,1,NULL),(10,'2017-03-28 13:26:03','2017-03-28 13:26:03',NULL,'Rumba',2,'Citviet soli mēdz dēvēt \"La Cucaracha.\"',1,1,NULL),(11,'2017-03-28 20:58:07','2017-03-28 20:58:07',NULL,'6 count basic',3,'',1,1,NULL),(12,'2017-03-28 20:58:22','2017-03-28 20:58:22',NULL,'8 count basic',3,'',1,1,NULL),(13,'2017-03-28 20:58:56','2017-03-29 20:13:35',NULL,'Side Pass',3,'A.K.A. Augšējā vietu maiņa',1,1,NULL),(14,'2017-03-28 21:14:17','2017-11-05 21:09:35',NULL,'Under Arm',3,'https://www.youtube.com/watch?v=1BctgUMHgcc?start=38&end=48',1,1,NULL),(15,'2017-03-28 21:14:39','2017-03-28 21:14:39','0000-00-00 00:00:00','Tuck Turn',3,'',1,1,NULL),(16,'2017-03-28 21:14:56','2017-03-28 21:14:56',NULL,'Reverse Tuck Turn',3,'',1,1,NULL),(17,'2017-03-28 22:54:59','2017-03-28 22:54:59',NULL,'Para el Medio',5,'',1,1,NULL),(18,'2017-03-28 22:55:42','2017-03-28 22:55:42',NULL,'Dile Que Si',5,'',1,1,NULL),(19,'2017-03-28 22:55:58','2017-03-28 22:55:58',NULL,'Dile Que No',5,'',1,1,NULL),(20,'2017-03-28 22:56:21','2017-06-01 07:08:57',NULL,'Dame Una',5,'https://www.youtube.com/watch?v=CpQLbfl6c8E',1,1,NULL),(21,'2017-03-28 22:56:32','2017-06-01 07:07:34',NULL,'Dame Dos',5,'https://www.youtube.com/watch?v=JdoAOtupqw0',1,1,NULL),(22,'2017-03-28 22:56:55','2017-03-28 22:56:55',NULL,'Dame Tres',5,'',1,1,NULL),(23,'2017-03-29 05:48:04','2017-03-29 05:48:04',NULL,'Cross Body Lead',2,'',1,1,NULL),(24,'2017-03-29 08:25:29','2017-03-29 08:25:29',NULL,'Tandem Charleston',3,'Aka \"side-to-side Charleston\" :)\r\nhttps://www.youtube.com/watch?v=11okKKR0gmk',1,1,NULL),(25,'2017-03-29 11:43:02','2017-03-29 11:44:34',NULL,'Pagarinātais Tuck Turn',3,'Astotnieku Tuck Turn, kur uz 5-6 līderis ar kreiso roku veic lasso veida kustību, lai soļa beigās followeris nonāk atpakaļ slēgtajā pozīcijā',1,1,NULL),(26,'2017-03-29 11:52:45','2017-05-11 06:47:38',NULL,'Swing Out',3,'https://www.youtube.com/watch?v=S0DEGfiCGgU',1,1,NULL),(27,'2017-03-29 11:53:39','2017-05-11 07:05:11',NULL,'Texas Tommy',3,'Pamata un divas variācijas:<br>\r\n1. beigās līderis uztaisa 180 pagriezienu un ir ar muguru pret followeri<br>\r\n2. ar papildu griezieniem priekš followera\r\nhttps://www.youtube.com/watch?v=azLHB_ot3jU',1,1,NULL),(29,'2017-03-29 11:54:57','2019-09-06 08:27:24',NULL,'Right Turn',3,NULL,1,1,1),(30,'2017-03-29 11:59:11','2017-03-31 06:02:03',NULL,'Cubanito, Cubanita',5,'Kubietis / Kubiete\r\nhttps://www.youtube.com/watch?v=OamzuYXzY_A',2,1,NULL),(31,'2017-03-29 11:59:44','2017-03-31 06:03:19',NULL,'Patin',5,'https://www.youtube.com/watch?v=nMfa3voeIFk',2,1,NULL),(32,'2017-03-29 12:01:05','2017-06-29 08:16:30',NULL,'Sombrero',5,'https://www.youtube.com/watch?v=rj8DI5GKroI',1,1,NULL),(33,'2017-03-29 12:01:17','2017-03-29 12:19:32',NULL,'Setenta',5,'https://www.youtube.com/watch?v=8joYIuzRT5o',4,1,NULL),(34,'2017-03-29 12:01:38','2017-06-01 07:27:06',NULL,'Enchufla',5,'https://www.youtube.com/watch?v=zZIKUtAhGa4',1,1,NULL),(35,'2017-03-29 12:01:58','2017-03-29 12:01:58',NULL,'Enchufla Doble',5,'',1,1,NULL),(36,'2017-03-29 12:03:25','2017-03-31 06:03:47',NULL,'Vacílala',5,'',2,1,NULL),(37,'2017-03-29 12:05:31','2017-03-29 12:05:31',NULL,'Arriba',5,'',1,1,NULL),(38,'2017-03-29 12:05:43','2017-03-29 12:05:43',NULL,'Abajo',5,'',1,1,NULL),(39,'2017-03-29 12:08:44','2017-03-29 12:08:44',NULL,'La Prima',5,'',1,1,NULL),(40,'2017-03-29 12:08:53','2017-03-29 12:08:53',NULL,'Adios',5,'',1,1,NULL),(41,'2017-03-29 12:10:27','2017-03-29 12:10:27',NULL,'Un Tarro',5,'',1,1,NULL),(42,'2017-03-29 12:10:59','2017-06-01 07:18:40',NULL,'Dame Arriba',5,'https://www.youtube.com/watch?v=qKyrSPqhK-s',1,1,NULL),(43,'2017-03-29 12:15:21','2017-03-29 12:15:21',NULL,'Balsero',5,'https://www.youtube.com/watch?v=OSA_k8AGJf8',2,1,NULL),(44,'2017-03-29 12:21:02','2017-03-29 12:21:02',NULL,'Engañala',5,'https://www.youtube.com/watch?time_continue=22&v=RJzVK2o8uhg',3,1,NULL),(45,'2017-03-29 12:26:24','2017-03-29 12:26:24',NULL,'Tumba Francesa',5,'https://www.youtube.com/watch?v=efDsh_YuEG0',4,1,NULL),(46,'2017-03-29 12:28:55','2017-03-31 06:02:55',NULL,'Enchufla y Dile Que no',5,'https://www.youtube.com/watch?v=5qZppRrJ9l4',2,1,NULL),(47,'2017-03-29 12:31:27','2017-03-29 12:31:27',NULL,'Seis y Nueve',5,'https://www.youtube.com/watch?v=BsZiw_nAKmU',4,1,NULL),(48,'2017-03-29 12:33:06','2023-08-30 04:58:28',NULL,'Dame Dos Con Cuba',5,'asdasd',1,1,1),(49,'2017-03-29 12:39:59','2017-03-29 12:39:59',NULL,'La  Familia',5,'La Prima > Enchufla > \"plaukstiņpolka\" > dame una\r\nhttps://www.youtube.com/watch?v=Ux_tTQ9_4_M',1,1,NULL),(50,'2017-03-29 12:55:52','2017-03-31 05:42:01',NULL,'Croqueta y Aspirina',5,'https://www.youtube.com/watch?v=-ocL7i5erW8',2,1,NULL),(51,'2017-03-30 07:54:11','2017-03-30 07:54:11',NULL,'In and Out',2,'',1,1,NULL),(52,'2017-03-30 07:55:08','2017-03-30 07:55:08',NULL,'Cross Body Lead ar iekšējo griezienu',2,'',1,1,NULL),(53,'2017-03-30 07:55:31','2017-03-30 07:55:31',NULL,'Cross Body Lead ar ārējo griezienu',2,'',1,1,NULL),(54,'2017-03-30 07:56:36','2017-03-30 07:56:36',NULL,'Suave',2,'',1,1,NULL),(55,'2017-03-30 07:56:49','2018-08-23 10:29:25',NULL,'Rejection',2,'Līderis ved followeri parastajā cross body lead, bet uz 7 griežas nevis 90 grādus pa kreisi, bet 270 pa labi.',1,1,1),(56,'2017-03-30 09:53:14','2017-03-30 09:53:14',NULL,'Lasso (parastais)',2,'',1,1,NULL),(57,'2017-03-30 10:31:52','2017-03-30 10:31:52',NULL,'Inside Shoulder Turn',2,'https://www.youtube.com/watch?v=K2pkwiNeadg',1,1,NULL),(58,'2017-04-02 11:28:59','2017-05-07 21:03:54',NULL,'Hangman',4,'https://www.youtube.com/watch?v=wET-2XMPVKc?start=106&end=135',1,1,NULL),(59,'2017-04-02 11:43:23','2017-04-02 11:43:23',NULL,'Camel Walk',4,'https://www.youtube.com/watch?v=fQ40n_FQGNU',2,1,NULL),(60,'2017-04-03 07:54:01','2017-04-03 07:54:01',NULL,'Shuffle Forward (a.k.a. Scoots)',4,'',1,1,NULL),(61,'2017-04-03 08:01:43','2017-04-03 11:31:15',NULL,'Shuffle (a.k.a. Lowdowns)',4,'https://www.youtube.com/watch?v=pbteWH-3QlY?start=314&end=322',1,1,NULL),(62,'2017-04-03 08:11:41','2017-04-03 09:49:20',NULL,'Shoe shine (aka Horse)',4,'https://www.youtube.com/watch?v=IkhzbG5o3Bg',1,1,NULL),(63,'2017-04-03 08:12:33','2018-08-23 10:32:21',NULL,'Boogie forward',4,NULL,1,1,1),(64,'2017-04-03 08:17:20','2017-04-03 08:17:20',NULL,'Rocks (aka Hallelujahs)',4,'',1,1,NULL),(65,'2017-04-03 08:17:35','2017-04-03 08:17:35',NULL,'Rocks forward',4,'',1,1,NULL),(66,'2017-04-03 08:19:56','2017-04-03 08:19:56',NULL,'Boogie back',4,'',1,1,NULL),(67,'2017-04-03 08:32:45','2017-04-03 08:32:45',NULL,'Break step (a.k.a. Tap Break)',4,'',1,1,NULL),(68,'2017-04-03 08:41:27','2017-04-03 08:41:27',NULL,'Knee slaps',4,'',1,1,NULL),(69,'2017-04-03 08:43:09','2017-04-03 08:43:09',NULL,'Suzie Q',4,'https://www.youtube.com/watch?v=m1at-8ip7rc',2,1,NULL),(70,'2017-04-03 20:21:39','2017-04-03 20:22:47',NULL,'Cross Body ar rokas atmetienu un iekšējo griezienu',2,'',1,1,NULL),(71,'2017-04-03 20:29:00','2017-04-03 20:29:00',NULL,'Walk Around',2,'https://www.youtube.com/watch?v=FGgtQQJM7Ro',2,1,NULL),(72,'2017-04-07 20:24:01','2017-04-07 21:06:25',NULL,'Sombrero con Mambo',5,'https://www.youtube.com/watch?v=80qTaQUopcA?start=17',3,1,NULL),(73,'2017-04-08 09:16:44','2017-04-08 09:27:46',NULL,'Break (Tranky doo)',4,'<ol>\r\n<li>Labās kājas solis uz priekšu</li>\r\n<li>Kreisās kājas backstep</li>\r\n</ol>\r\nhttps://www.youtube.com/watch?v=e2Ndy58zcYQ?start=61&end=67&loop=1',1,1,NULL),(74,'2017-04-10 20:36:23','2017-05-11 06:35:42',NULL,'Mini-Dip',3,'Variācijas\r\n<ul>\r\n<li>Parastais</li>\r\n<li>Ar stomp off</li>\r\n<li>Ar triple step</li>\r\n<li>Ar triple step un stomp off</li>\r\n<li>Ar pāreju uz hand-to-hand charleston</li>\r\n<li>Puisisi nonāk blakus un \"up\" taisa slēgtajā pozīcijā</li>\r\n</ul>\r\n\r\nhttps://www.youtube.com/watch?v=P-oQBioaVbk',2,1,NULL),(75,'2017-04-11 17:02:44','2017-04-11 17:06:22',NULL,'Reverse break (Tranky doo)',4,'Identisks tranky doo break, tikai spoguļattēlā',1,1,NULL),(76,'2017-04-11 17:42:16','2017-04-11 17:43:09',NULL,'Mess Around',4,'https://www.youtube.com/watch?v=pbteWH-3QlY?start=328&end=333',1,1,NULL),(77,'2017-04-11 18:36:37','2017-04-11 18:37:41',NULL,'Run On The Log',4,'https://www.youtube.com/watch?v=wET-2XMPVKc?start=172&end=192',1,1,NULL),(78,'2017-04-21 06:30:27','2017-04-21 06:30:27',NULL,'Pop Turn',3,'Gandrīz kā Send Out, tikai roka jāpaceļ lāpstiņas līmenī un, stumjot dāmu uz priekšu, ar plaukstu jādod signāls labā grieziena rotācijai.\r\n\r\nhttps://www.youtube.com/watch?v=mbcZDEqEsFw\r\nhttps://www.youtube.com/watch?v=auaCgAXmtcE\r\n',3,1,NULL),(79,'2017-04-25 07:21:09','2017-04-25 07:21:09',NULL,'Zaķītis',3,'Ciešais satvērtiens. Gan līderis, gan followeris veic \"kreis/lab\" lēcienu, līdera kreisā sāna virzienā. <BR>\r\n<strong>Variācija:</strong> Līderis izpilda strauju kustību pa kreisi/diognāli uz augšu, followris piezemējas kreiso kāju. Kamēr followera labā kāja vēl ir lidojumā, līderis strauji pavelk atpakaļ un followera kāja pēc inerces lido atpakaļ un sakrustojas ar kreiso kāju. ',1,1,NULL),(80,'2017-04-25 07:23:29','2017-04-25 07:23:29',NULL,'Manning turn',3,'',2,1,NULL),(81,'2017-04-26 08:04:10','2017-04-26 08:04:10',NULL,'Open Break',8,'\"Dile Que Si\" analogs. Kustības mērķis ir pāriet no slēgtās pozīcijas uz atvērto <br> <br>\r\n\r\nhttps://www.youtube.com/watch?v=MerVBmpwLV0',1,1,NULL),(82,'2017-04-26 08:10:32','2017-04-26 08:11:02',NULL,'Swing Out',8,'Pēc analoģijas ar Rueda de Casino šis ir kā \"Guapea\" - atvērtās pozīcijas pamatsolis. Swung out nesauc, bet to dejo, kad kāds solis ir pabeigts, bet jauns nav nosaukts.\r\n\r\nhttps://www.youtube.com/watch?v=WtgoKet6mwM',1,1,NULL),(83,'2017-04-26 08:18:12','2017-04-26 08:18:12',NULL,'Dame',8,'Partneru maiņa. Pilnais nosaukums Rueda de casino \"Dame Una\", kas tulkojumā nozīmē \"dod pirmo\". Dame ir iekabināts daudzu citu soļu noslēgumā, kad to nesauc, bet izpilda pēc noklusējuma.\r\nhttps://www.youtube.com/watch?v=2FiMrCPkkjg',1,1,NULL),(84,'2017-04-26 08:19:34','2017-04-26 08:25:41',NULL,'Outside Turn',8,'Sākas ar swingout kustību, kura otrajā daļā (laikam uz 5), veic labo griezienu. Nākamajā astotniekā vienmēr izpilda Dame.\r\nhttps://www.youtube.com/watch?v=EXEyMQq8Gds',1,1,NULL),(85,'2017-04-26 08:27:02','2017-04-26 08:27:02',NULL,'Inside Turn',8,'https://www.youtube.com/watch?v=hNzzqiztpzI',1,1,NULL),(86,'2017-04-26 08:29:11','2017-04-26 08:29:11',NULL,'Sushi Roll',8,'https://www.youtube.com/watch?v=fwdXuKJqu0Y',1,1,NULL),(87,'2017-04-26 08:31:34','2017-04-26 08:31:34',NULL,'Texas Tommy',8,'https://www.youtube.com/watch?v=_oooQKYabnY',1,1,NULL),(88,'2017-04-26 08:32:56','2017-04-26 08:32:56',NULL,'Stop Texas',8,'https://www.youtube.com/watch?v=W_Z7fvZGIHg',1,1,NULL),(89,'2017-04-26 08:36:55','2017-04-26 08:36:55',NULL,'Mini Dip',8,'https://www.youtube.com/watch?v=_9oT1WuRxkg',1,1,NULL),(90,'2017-04-26 08:47:31','2017-04-26 08:47:31',NULL,'Dame in Transition',8,'https://www.youtube.com/watch?v=UftrRWwrszk',1,1,NULL),(91,'2017-04-26 08:48:26','2017-04-26 08:49:25',NULL,'Dame Dos',8,'Tulkojums - Dod otro. Tas pats, kas Dame una, bet līderis iet nevis pie nākamā, bet aiznākamā followera.\r\nhttps://www.youtube.com/watch?v=fBS-j2KdLAI',1,1,NULL),(92,'2017-04-26 08:50:15','2017-07-12 13:13:05',NULL,'Circle Down (13)',8,'https://www.youtube.com/watch?v=MLNZUI2YQIk',1,1,NULL),(93,'2017-04-26 09:05:44','2017-04-26 09:05:44',NULL,'Push',4,'',1,1,NULL),(94,'2017-04-26 09:07:20','2017-09-21 12:12:29',NULL,'Cross Over',4,'https://www.youtube.com/watch?v=bjfM4Wrj9UI?start=30&end=34',1,1,NULL),(95,'2017-04-26 09:25:36','2017-04-26 09:25:36',NULL,'Freeze',4,'',1,1,NULL),(96,'2017-04-26 14:13:48','2017-04-27 12:28:40',NULL,'Walk',7,'Lean/Lilth\r\nhttps://www.youtube.com/watch?v=s7btcdBEIjU?start=298&end=405\r\nHip Alignment\r\nhttps://www.youtube.com/watch?v=s7btcdBEIjU?start=405&end=478\r\nProjection/Drive\r\nhttps://www.youtube.com/watch?v=s7btcdBEIjU?start=471&end=500\r\nTiming\r\nhttps://www.youtube.com/watch?v=s7btcdBEIjU?start=580&end=677\r\nStandaing leg\r\nhttps://www.youtube.com/watch?v=s7btcdBEIjU?start=677&end=778\r\nContra body movement\r\nhttps://www.youtube.com/watch?v=s7btcdBEIjU?start=778&end=800',1,1,NULL),(97,'2017-05-08 06:55:05','2017-05-08 06:55:05',NULL,'She turns, He turns',3,'Divas būtiskas, lietas:\r\n<li>Abiem vienlaicīgi nevajadzētu griezties, jo nav ērti (ja vien Jums abiem nav orangutanga rokas)</li>\r\n<li>Viļņveida kustība ar roku - pēc followera grieziena roku nedaudz nolaiž uz leju un uzreiz piepaceļ, lai izpildītu līdera griezienu</li>\r\nhttps://www.youtube.com/watch?v=_7GpT_ctF90',1,1,NULL),(98,'2017-05-08 07:05:20','2017-05-08 07:05:20',NULL,'Texas Tommy Push',3,'https://www.youtube.com/watch?v=d7Ez_DuzWFg?start=92',2,1,NULL),(99,'2017-05-08 13:49:56','2019-06-10 04:58:13',NULL,'Jig Walks',3,NULL,2,1,1),(323,'2019-06-11 02:43:37','2019-06-11 02:43:37',NULL,'Crosshand inside turn reverse',3,NULL,3,1,1),(100,'2017-05-08 21:04:39','2017-05-08 21:08:42',NULL,'Buddies',3,'Trīs paveidi. Ar izeju uz:<br>\r\n<ol>\r\n<li>Closed position</li>\r\n<li>Open position</li>\r\n<li>Push</li>\r\n</ol>\r\nhttps://www.youtube.com/watch?v=bGOBIORPGgM?start=21&end=9999\r\n<ol>\r\n	<li>Backstep kā parasti</li>\r\n	<li><a href=\"http://dejas.qualityassistant.biz/step/97\">She turns, He turns</a> -  triple step, kā \"She Turns, He Turns\" uz 3, un, 4</li>\r\n	<li>Sava grieziena vietā, līderis ielien tādā, kā closed position, tikai citā sānā un abus izvada uz back-step</li>\r\n	<li>Šeit sākas variācijas:\r\n		<ul>\r\n			<li>aizstumjot followeri no sava kreisā sāna uz labo, var nonākt closed pozīcijā</li>\r\n			<li>nost no sevis, var nonākt open pozīcijā</li>\r\n			<li>griežoties pa kreisi un ar labo roku pastumjot followera bicīti, abi griežas un nonāk open pozīcijā</li>\r\n		</ul>\r\n	</li>\r\n</ol>',1,1,NULL),(101,'2017-05-10 08:49:36','2017-05-10 08:49:36',NULL,'Inside turn',3,'No slēgtās pozīcijas ar trim tripple stepiem (vai diviem kikiem) un folowera labo griezienu nonāk atvērtajā pozīcijā.',1,1,NULL),(102,'2017-05-10 09:55:36','2017-05-10 09:55:36',NULL,'Inside & Outside turn',3,'Six count.<br>\r\n<ol>\r\n<li>Slēgtās pozīcijas back step</li>\r\n<li>followera tripple step inside turn uz atvērto pozīciju, līderis sglabā labās rokas kontaktu, lai uzreiz </li>\r\n<li>izvadītu followeri ārējā grieziena tripple step, kura laikā followeris nonāk slēgtajā pozīcijā </li>\r\n</ol>',1,1,NULL),(103,'2017-05-10 13:52:39','2018-08-23 10:33:26',NULL,'In and Out',3,'8 count. Sāk atvērtajā pozīcijā. (Ļoti līdzīgs solim reverse jerk)\r\n<ol>\r\n<li>Backstep. Līderis aicina uz slēgto pozīciju</li>\r\n<li>Tripple step. Followeris dodas uz slēgto pozīciju.</li>\r\n<li>Rock step uz priekšu. Send out uz atvērto</li>\r\n<li>Followera tripplestep uz atvērto.</li>\r\n</ol>\r\n pēdējā triple step variācijas:\r\n<ul>\r\n<li>iekšējais grieziens</li>\r\n<li>tuck turn</li>\r\n<li>tuck turn ar papildu griezienu</li>\r\n</ul>\r\nhttps://www.youtube.com/watch?v=-PeAB1wxO5k\r\nhttps://www.youtube.com/watch?v=cj5fxXvNlcc',1,1,1),(104,'2017-05-11 06:19:35','2017-05-11 06:19:35',NULL,'Tuck turn & In & Out',3,'10 count. Pirmais astotnieks, kā pagarinātais tuck turn. Pēdējie divi cipari, kā \"out\" no \"In & out\"',2,1,NULL),(105,'2017-05-11 06:49:01','2017-05-11 06:54:58',NULL,'Kick The Dog (Pastaiga)',3,'https://www.youtube.com/watch?v=21E732ZurHw',1,1,NULL),(106,'2017-05-11 06:59:40','2017-05-11 07:01:45',NULL,'Chasing',3,'https://www.youtube.com/watch?v=R7oMtQ6zdQY?start=20\r\nhttps://www.youtube.com/watch?v=w0DdZOEzJh4',2,1,NULL),(242,'2018-08-20 11:35:31','2018-08-20 11:35:31',NULL,'Son Montuno',15,'Closed position basic move\r\nhttps://www.youtube.com/watch?v=Qv5BKoV72nA?start=84&end=120',1,1,1),(108,'2017-05-29 12:22:35','2017-05-29 12:57:47',NULL,'Kick Away',3,'https://www.youtube.com/watch?v=um0VleA8jRE?start=1897',1,1,NULL),(109,'2017-05-29 12:22:45','2017-05-29 12:31:29',NULL,'Heels',3,'https://www.youtube.com/watch?v=um0VleA8jRE?start=1662&end=1800',1,1,NULL),(110,'2017-05-29 12:40:03','2017-05-29 12:40:03',NULL,'Lasso',3,'https://www.youtube.com/watch?v=gwzjFKHp6Go',1,1,NULL),(111,'2017-05-29 13:02:08','2017-05-29 13:02:08',NULL,'Yo-Yo',3,'https://www.youtube.com/watch?v=aU3n9shv1Ls',1,1,NULL),(112,'2017-05-30 09:50:34','2017-05-30 09:50:34',NULL,'Shouts',4,'',1,1,NULL),(113,'2017-05-30 10:06:14','2017-05-30 10:06:14',NULL,'Lock Turn',4,'https://www.youtube.com/watch?v=E2P74x7yEEs',1,1,NULL),(114,'2017-06-01 06:08:03','2017-06-01 06:08:03',NULL,'Dos Besos',5,'',1,1,NULL),(115,'2017-06-01 06:08:22','2017-06-01 06:08:22',NULL,'Yogurt',5,'',1,1,NULL),(116,'2017-06-01 10:33:06','2017-06-01 10:42:42',NULL,'Gaze-a-far',4,'https://www.youtube.com/watch?v=FOHRqncQYrw?start=196&end=243',1,1,NULL),(117,'2017-06-05 18:54:58','2017-06-05 18:55:57',NULL,'Rusty Dusty',4,'https://www.youtube.com/watch?v=wET-2XMPVKc?start=20&end=50',1,1,NULL),(118,'2017-06-05 19:02:06','2017-06-05 19:02:06',NULL,'Spank the Baby',4,'https://www.youtube.com/watch?v=Kvkaf83h1yA',1,1,NULL),(119,'2017-06-05 19:11:52','2017-06-05 19:11:52',NULL,'Charleston (Ball-Change variation)',4,'https://www.youtube.com/watch?v=q5kv30A0S8Q?start=10&end=120',1,1,NULL),(120,'2017-06-14 06:27:18','2017-06-14 06:27:48',NULL,'Jump Charleston',4,'https://www.youtube.com/watch?v=_jclBAdLhVw?start=103',1,1,NULL),(121,'2017-06-14 06:40:13','2017-09-21 12:37:18',NULL,'Fish Tails',4,'https://www.youtube.com/watch?v=UYUUXRQpR7w?start=75',1,1,NULL),(122,'2017-06-14 06:41:29','2017-06-14 06:41:29',NULL,'Ride the Pony',4,'Nav gluži solo, jo šo jādara divatā',1,1,NULL),(123,'2017-06-14 06:43:09','2017-06-14 06:43:09',NULL,'London Bridge',4,'',1,1,NULL),(124,'2017-06-15 17:16:30','2017-06-15 17:16:30',NULL,'Trucking',4,'https://www.youtube.com/watch?v=a8TZPp-Il2w?start=45',1,1,NULL),(125,'2017-06-15 17:57:37','2017-06-15 17:57:37',NULL,'Charleston (Basic)',4,'',1,1,NULL),(126,'2017-06-15 17:58:19','2017-06-16 09:51:58',NULL,'Flying Charleston',4,'https://www.youtube.com/watch?v=VGZjggjq3TQ?start=95&end=170',1,1,NULL),(127,'2017-06-16 08:01:45','2017-06-16 08:01:45',NULL,'Collegiate Shag',4,'https://www.youtube.com/watch?v=a8TZPp-Il2w?start=22&end=32',1,1,NULL),(128,'2017-06-16 08:05:05','2017-06-16 08:05:05',NULL,'Ice Skating',4,'https://www.youtube.com/watch?v=a8TZPp-Il2w?start=11&end=22',1,1,NULL),(129,'2017-06-16 08:06:47','2017-06-16 08:07:28',NULL,'Hop Around',4,'https://www.youtube.com/watch?v=a8TZPp-Il2w?start=32&end=36',1,1,NULL),(130,'2017-06-16 08:08:26','2017-06-16 08:08:39',NULL,'Jazz Box',4,'https://www.youtube.com/watch?v=a8TZPp-Il2w?start=35&end=39',1,1,NULL),(131,'2017-06-16 08:17:01','2017-06-16 08:17:01',NULL,'Hot Potatoes',4,'https://www.youtube.com/watch?v=a8TZPp-Il2w?start=37&end=46',1,1,NULL),(132,'2017-06-16 09:57:01','2017-06-16 09:57:01',NULL,'Breeze in the knees',4,'',1,1,NULL),(133,'2017-06-19 06:45:07','2017-06-19 06:48:52',NULL,'Pecking',4,'https://www.youtube.com/watch?v=VGZjggjq3TQ?start=170&end=182',1,1,NULL),(134,'2017-06-19 06:56:03','2017-06-19 06:56:03',NULL,'Break (Big Apple)',4,'',1,1,NULL),(135,'2017-06-19 06:59:34','2017-06-19 06:59:34',NULL,'Break a Leg',4,'https://www.youtube.com/watch?v=I4rcYAgWKl0',1,1,NULL),(136,'2017-07-11 06:10:09','2017-07-11 06:10:09',NULL,'Pulse',9,'',1,1,NULL),(137,'2017-07-11 06:10:32','2017-07-11 06:10:32',NULL,'Walk',9,'',1,1,NULL),(138,'2017-07-11 06:10:48','2017-07-11 06:10:48',NULL,'Inside turn',9,'',1,1,NULL),(139,'2017-07-11 06:11:02','2017-07-11 06:11:02',NULL,'Outside turn',9,'',1,1,NULL),(140,'2017-07-11 06:11:39','2017-07-11 06:11:39',NULL,'Everybody turns (she turns - he turns)',9,'',1,1,NULL),(141,'2017-07-11 06:12:41','2017-07-25 15:35:02',NULL,'Quick turn (Inside & outside)',9,'',1,1,NULL),(142,'2017-07-11 06:17:48','2017-07-25 15:27:53',NULL,'Walking turns (inside & outside)',9,'',1,1,NULL),(143,'2017-07-12 10:21:23','2019-09-11 05:48:04',NULL,'(1) Basic',10,NULL,1,1,1),(144,'2017-07-12 10:21:34','2019-09-11 05:48:47',NULL,'(2) Switch',10,NULL,1,1,1),(145,'2017-07-12 12:47:47','2019-10-03 05:28:33',NULL,'(9) Second',10,NULL,1,1,1),(146,'2017-07-12 12:48:01','2019-10-03 05:43:26',NULL,'Third',10,NULL,1,1,1),(147,'2017-07-12 12:57:02','2019-10-03 05:29:16',NULL,'Previous',10,NULL,1,1,1),(148,'2017-07-12 12:57:12','2019-10-03 05:42:45',NULL,'Repeat',10,'Repeat previous move',1,1,1),(149,'2017-07-12 13:17:32','2019-10-03 05:36:11',NULL,'Inside turn',10,'1-4 First half of the swingout<br>\r\n5-8 Change of places with inside turn for the follower <br>\r\n1-8 \"Next\"',1,1,1),(150,'2017-07-12 13:21:55','2019-10-03 05:37:33',NULL,'Outside Turn',10,'1-4 First half of the swingout<br>\r\n5-8 Change of places with outside turn for the follower <br>\r\n1-8 \"Next\"',1,1,1),(151,'2017-07-12 13:22:28','2017-07-12 17:42:25',NULL,'(7) Swingout',10,'',1,1,NULL),(152,'2017-07-12 13:22:46','2017-07-12 13:22:46',NULL,'Texas Tommy',10,'',1,1,NULL),(153,'2017-07-12 13:27:49','2019-09-11 06:01:30',NULL,'(5) Follower, Leader',10,NULL,1,1,1),(154,'2017-07-12 17:30:55','2019-09-11 05:50:55',NULL,'(3)  Connect',10,NULL,1,1,1),(155,'2017-07-12 17:33:10','2019-09-11 06:08:52',NULL,'(4) The Cousin',10,NULL,1,1,1),(156,'2017-07-12 17:41:36','2019-09-11 06:10:59',NULL,'(6) Connect Twice',10,NULL,1,1,1),(157,'2017-07-25 15:29:12','2017-07-25 15:29:12',NULL,'Leader turns',9,'',1,1,NULL),(158,'2017-07-25 15:34:36','2017-07-25 15:34:36',NULL,'Change direction (side by side)',9,'',1,1,NULL),(159,'2017-07-25 15:58:34','2017-07-25 15:58:34',NULL,'Slide (Side by side)',9,'',1,1,NULL),(160,'2017-07-25 15:59:11','2017-07-25 15:59:11',NULL,'Triple step (side by side)',9,'',1,1,NULL),(161,'2017-07-25 15:59:36','2017-07-25 15:59:36',NULL,'Opposition (Side by side)',9,'',1,1,NULL),(162,'2017-08-07 08:52:21','2017-08-07 08:52:21',NULL,'Eagle slide',4,'',1,1,NULL),(163,'2017-08-07 08:53:00','2017-08-07 08:53:00',NULL,'Boogie drops',4,'',1,1,NULL),(164,'2017-08-07 08:53:44','2017-08-07 08:53:44',NULL,'Mambo steps',4,'',1,1,NULL),(165,'2017-08-07 08:55:40','2017-08-07 08:55:40',NULL,'Push turn (paddle turn)',4,'',1,1,NULL),(166,'2017-08-24 16:02:23','2017-08-24 16:02:23',NULL,'Transition: Send out to Hand to Hand',3,'https://www.youtube.com/watch?v=s5HY1Fv5OsE?start=6&end=16',1,1,NULL),(167,'2017-08-24 16:12:44','2017-08-24 16:12:44',NULL,'Transition: Airplane to Tandem',3,'https://www.youtube.com/watch?v=s5HY1Fv5OsE?start=31&end=48',1,1,NULL),(168,'2017-09-18 13:29:00','2017-09-18 13:29:00',NULL,'Traveling Free Tuck Turn',3,'https://www.youtube.com/watch?v=oXYuMyufF9s',1,1,NULL),(169,'2017-09-18 13:33:56','2017-09-18 13:34:41',NULL,'Free Tuck Turn',3,'https://www.youtube.com/watch?v=IZJnkwLPnis?start=12&end=18',1,1,NULL),(170,'2017-09-18 13:41:01','2017-09-18 13:41:21',NULL,'Swingout with outside free turn',3,'https://www.youtube.com/watch?v=x-SHu87z-lE?start=16&end=23',1,1,NULL),(171,'2017-09-18 13:44:26','2017-09-18 13:44:46',NULL,'Two Tuck Turns',3,'https://www.youtube.com/watch?v=x-SHu87z-lE?start=27&end=36',1,1,NULL),(172,'2017-09-21 10:25:01','2017-09-21 10:25:01',NULL,'Pivot Turn',4,'https://www.youtube.com/watch?v=5CxMKEx6bZo',1,1,NULL),(173,'2017-09-21 10:32:08','2017-09-21 10:32:52',NULL,'Stomp off',4,'https://www.youtube.com/watch?v=pbteWH-3QlY?start=510&end=516',1,1,NULL),(174,'2017-09-21 12:04:07','2018-02-22 12:03:12',NULL,'Crazy Legs (aka Rubber Legs, aka Josephine Baker)',4,'https://www.youtube.com/watch?v=dZdYQcxDFfY',1,1,NULL),(175,'2017-10-31 12:28:10','2017-10-31 12:28:10',NULL,'Charleston',3,'AKA 8 count basic ar kickiem',1,1,NULL),(176,'2017-11-05 17:22:12','2017-11-05 17:22:12',NULL,'Lindy Circle',3,'https://www.youtube.com/watch?v=YEvwNwpSRMA?start=14&end=21',1,1,NULL),(177,'2017-11-07 11:20:40','2017-11-07 11:20:40',NULL,'Squat Charleston',4,'https://www.youtube.com/watch?v=AHUByhfO60M',2,1,NULL),(178,'2018-01-12 12:49:07','2018-01-12 12:49:07',NULL,'Double reverse spin',13,'https://www.youtube.com/watch?v=9vePuU8D6FM',1,1,NULL),(179,'2018-01-12 12:50:31','2018-01-12 12:50:31',NULL,'Box step (pamatsolis)',13,'https://www.youtube.com/watch?v=n8PIcO4_S5Q',1,1,NULL),(180,'2018-01-12 12:52:03','2018-01-12 12:52:03',NULL,'Underarm Turn',13,'https://www.youtube.com/watch?v=qjFR9E5CHaM',1,1,NULL),(181,'2018-02-22 11:55:26','2018-02-22 11:55:26',NULL,'Cow Tail',4,'https://www.youtube.com/watch?v=OTycDNiL2Xk',3,1,NULL),(182,'2018-02-22 13:08:56','2018-02-22 13:08:56',NULL,'Sailor kicks',4,'',1,1,NULL),(183,'2018-03-25 11:54:23','2018-03-25 11:54:23',NULL,'Bunny',4,'',1,1,NULL),(184,'2018-07-16 09:44:03','2018-07-16 12:20:08',NULL,'Arch turn (turn)',14,'https://www.youtube.com/watch?v=B6rQBdVg1KY?start=163',1,1,NULL),(185,'2018-07-16 09:45:09','2018-07-16 12:20:36',NULL,'Double arch turn (turn)',14,'https://www.youtube.com/watch?v=B6rQBdVg1KY?start=170',1,1,NULL),(186,'2018-07-16 09:46:53','2018-07-16 09:46:53',NULL,'Passby turn (Underam turn)',14,'https://www.youtube.com/watch?v=B6rQBdVg1KY?start=180',1,1,NULL),(187,'2018-07-16 09:48:46','2018-07-16 12:21:49',NULL,'Texas Tommy (turn)',14,'https://www.youtube.com/watch?v=B6rQBdVg1KY?start=187',1,1,NULL),(188,'2018-07-16 09:54:40','2018-07-16 12:20:47',NULL,'Free spin (turn)',14,'https://www.youtube.com/watch?v=B6rQBdVg1KY?start=190',1,1,NULL),(189,'2018-07-16 09:56:33','2018-07-16 12:22:42',NULL,'Wringer turn (turn)',14,'https://www.youtube.com/watch?v=B6rQBdVg1KY?start=195',1,1,NULL),(190,'2018-07-16 09:58:13','2018-07-16 12:21:26',NULL,'Shoulder pass (turn)',14,'https://www.youtube.com/watch?v=B6rQBdVg1KY?start=202',1,1,NULL),(191,'2018-07-16 09:59:09','2018-07-16 12:22:06',NULL,'Tuck turn (turn)',14,'https://www.youtube.com/watch?v=B6rQBdVg1KY?start=208',1,1,NULL),(192,'2018-07-16 10:01:12','2018-07-16 12:22:16',NULL,'Underarm pass (turn)',14,'https://www.youtube.com/watch?v=B6rQBdVg1KY?start=215',1,1,NULL),(193,'2018-07-16 10:16:14','2018-07-16 12:22:31',NULL,'Wring and Dishrag (turn)',14,'https://www.youtube.com/watch?v=B6rQBdVg1KY?start=221',1,1,NULL),(194,'2018-07-16 10:18:41','2018-07-16 12:21:37',NULL,'Shoulder release (turn)',14,'https://www.youtube.com/watch?v=B6rQBdVg1KY?start=226',1,1,NULL),(195,'2018-07-16 12:12:12','2018-07-16 12:21:16',NULL,'Shag pass with Shoulder release (turn)',14,'https://www.youtube.com/watch?v=B6rQBdVg1KY?start=232',1,1,NULL),(196,'2018-07-16 12:13:39','2018-07-16 12:20:22',NULL,'Buttler turn (turn)',14,'https://www.youtube.com/watch?v=B6rQBdVg1KY?start=238',1,1,NULL),(197,'2018-07-16 12:14:58','2018-07-16 12:21:01',NULL,'He goes (turn)',14,'https://www.youtube.com/watch?v=B6rQBdVg1KY?start=248',1,1,NULL),(198,'2018-07-16 12:16:54','2019-10-03 04:13:13',NULL,'Arch turn (Gallagher\'s) (turn)',14,NULL,1,1,1),(199,'2018-07-16 13:04:44','2018-07-16 13:04:44',NULL,'Breaks (classic)',14,'https://www.youtube.com/watch?v=B6rQBdVg1KY?start=260',1,1,NULL),(200,'2018-07-16 13:05:51','2018-07-16 13:05:51',NULL,'Side-by-side basic (classic)',14,'https://www.youtube.com/watch?v=B6rQBdVg1KY?start=265',1,1,NULL),(201,'2018-07-16 13:06:44','2018-07-16 15:46:33',NULL,'Camel hops (classic)',14,'https://www.youtube.com/watch?v=B6rQBdVg1KY?start=295',1,1,NULL),(202,'2018-07-16 15:47:25','2018-07-16 15:48:39',NULL,'Collegiate kicks (classic)',14,'https://www.youtube.com/watch?v=B6rQBdVg1KY?start=303',1,1,NULL),(203,'2018-07-16 15:49:47','2018-07-16 15:49:47',NULL,'Jig kicks (classic)',14,'https://www.youtube.com/watch?v=B6rQBdVg1KY?start=313',1,1,NULL),(204,'2018-07-16 15:50:33','2018-07-16 15:52:53',NULL,'Hesitation kicks (classic)',14,'https://www.youtube.com/watch?v=B6rQBdVg1KY?start=340',1,1,NULL),(205,'2018-07-16 15:54:55','2018-07-16 15:54:55',NULL,'Fall of the log - open and closed (classic)',14,'https://www.youtube.com/watch?v=B6rQBdVg1KY?start=351',1,1,NULL),(206,'2018-07-16 15:58:35','2018-07-16 15:58:35',NULL,'sailor steps (classic)',14,'https://www.youtube.com/watch?v=B6rQBdVg1KY?start=303',1,1,NULL),(207,'2018-07-16 15:59:39','2018-07-16 15:59:39',NULL,'Cross kicks (classic)',14,'https://www.youtube.com/watch?v=B6rQBdVg1KY?start=321',1,1,NULL),(208,'2018-07-16 16:00:29','2018-07-16 16:00:29',NULL,'Chugs (classic)',14,'https://www.youtube.com/watch?v=B6rQBdVg1KY?start=327',1,1,NULL),(209,'2018-07-16 16:01:14','2018-07-16 16:01:14',NULL,'Hang man (classic)',14,'https://www.youtube.com/watch?v=B6rQBdVg1KY?start=333',1,1,NULL),(210,'2018-07-16 16:02:57','2018-07-16 16:02:57',NULL,'Oscillating kicks (classic)',14,'https://www.youtube.com/watch?v=B6rQBdVg1KY?start=365',1,1,NULL),(211,'2018-07-16 16:03:58','2018-07-16 16:03:58',NULL,'Shag saw (classic)',14,'https://www.youtube.com/watch?v=B6rQBdVg1KY?start=378',1,1,NULL),(212,'2018-07-16 16:05:00','2018-07-16 16:08:25',NULL,'Drags (classic)',14,'https://www.youtube.com/watch?v=B6rQBdVg1KY?start=386',1,1,NULL),(213,'2018-07-16 16:05:31','2018-07-16 16:09:28',NULL,'Breaks - Eight count (classic)',14,'https://www.youtube.com/watch?v=B6rQBdVg1KY?start=396',1,1,NULL),(214,'2018-07-16 16:11:27','2018-07-16 16:11:27',NULL,'Kick-Throughs (classic)',14,'https://www.youtube.com/watch?v=B6rQBdVg1KY?start=399',1,1,NULL),(215,'2018-07-16 16:12:04','2018-07-16 16:12:04',NULL,'Sailor knot (classic)',14,'https://www.youtube.com/watch?v=B6rQBdVg1KY?start=409',1,1,NULL),(216,'2018-07-16 16:13:22','2018-07-16 16:13:22',NULL,'Cross kicks - open (classic)',14,'https://www.youtube.com/watch?v=B6rQBdVg1KY?start=420',1,1,NULL),(217,'2018-07-16 16:14:37','2018-07-16 16:14:37',NULL,'Groovie Movie - pass (classic)',14,'https://www.youtube.com/watch?v=B6rQBdVg1KY?start=429',1,1,NULL),(218,'2018-07-16 16:15:12','2018-07-16 16:15:12',NULL,'Sliding doors - pass (classic)',14,'https://www.youtube.com/watch?v=B6rQBdVg1KY?start=437',1,1,NULL),(219,'2018-07-16 16:17:15','2018-07-16 16:17:15',NULL,'Reverse kicks - pass (classic)',14,'https://www.youtube.com/watch?v=B6rQBdVg1KY?start=447',1,1,NULL),(220,'2018-07-16 16:18:09','2018-07-16 16:18:09',NULL,'Hand-to-hand shag kicks (classic)',14,'https://www.youtube.com/watch?v=B6rQBdVg1KY?start=455',1,1,NULL),(221,'2018-07-16 16:18:59','2018-07-16 16:18:59',NULL,'Bunny hops (classic)',14,'https://www.youtube.com/watch?v=B6rQBdVg1KY?start=467',1,1,NULL),(222,'2018-07-16 16:19:36','2018-07-16 16:19:36',NULL,'Breaks - side by side (classic)',14,'https://www.youtube.com/watch?v=B6rQBdVg1KY?start=475',1,1,NULL),(223,'2018-07-16 16:20:26','2018-07-16 16:20:42',NULL,'Swineroo (classic)',14,'https://www.youtube.com/watch?v=B6rQBdVg1KY?start=482',1,1,NULL),(224,'2018-07-16 16:21:39','2018-07-16 16:21:39',NULL,'double kick-away (classic)',14,'https://www.youtube.com/watch?v=B6rQBdVg1KY?start=493',1,1,NULL),(225,'2018-07-16 16:23:45','2018-07-16 16:23:45',NULL,'Cuddle (modern adaptions)',14,'https://www.youtube.com/watch?v=B6rQBdVg1KY?start=502',1,1,NULL),(226,'2018-07-16 16:25:50','2018-07-16 16:26:19',NULL,'Cuddle combo (modern adaptions)',14,'https://www.youtube.com/watch?v=B6rQBdVg1KY?start=509',1,1,NULL),(227,'2018-07-16 16:27:11','2018-07-16 16:27:11',NULL,'Bunny hop - single (modern adaptions)',14,'https://www.youtube.com/watch?v=B6rQBdVg1KY?start=520',1,1,NULL),(228,'2018-07-16 16:27:56','2018-07-16 16:28:06',NULL,'Music box (modern adaptions)',14,'https://www.youtube.com/watch?v=B6rQBdVg1KY?start=529',1,1,NULL),(229,'2018-07-16 16:28:59','2018-07-16 16:28:59',NULL,'Skaters (modern adaptions)',14,'https://www.youtube.com/watch?v=B6rQBdVg1KY?start=536',1,1,NULL),(230,'2018-07-16 16:29:36','2018-07-16 16:29:36',NULL,'Chugging side-kicks (modern adaptions)',14,'https://www.youtube.com/watch?v=B6rQBdVg1KY?start=541',1,1,NULL),(231,'2018-07-16 16:30:19','2018-07-16 16:30:19',NULL,'Fish out of the water (modern adaptions)',14,'https://www.youtube.com/watch?v=B6rQBdVg1KY?start=547',1,1,NULL),(232,'2018-07-16 16:31:39','2018-07-16 16:31:39',NULL,'Camel hops - closed (modern adaptions)',14,'https://www.youtube.com/watch?v=B6rQBdVg1KY?start=554',1,1,NULL),(233,'2018-07-16 16:32:42','2018-07-16 16:32:42',NULL,'Side slips (modern adaptions)',14,'https://www.youtube.com/watch?v=B6rQBdVg1KY?start=565',1,1,NULL),(234,'2018-07-16 16:40:18','2018-07-16 16:40:18',NULL,'Turning breaks (modern adaptions)',14,'https://www.youtube.com/watch?v=B6rQBdVg1KY?start=570',1,1,NULL),(235,'2018-07-16 16:40:59','2018-07-16 16:40:59',NULL,'Sailor knot - frontside (modern adaptions)',14,'https://www.youtube.com/watch?v=B6rQBdVg1KY?start=578',1,1,NULL),(236,'2018-07-16 16:41:56','2018-07-16 16:41:56',NULL,'Chugs - side-by-side (modern adaptions)',14,'https://www.youtube.com/watch?v=B6rQBdVg1KY?start=586',1,1,NULL),(237,'2018-07-16 16:43:11','2018-07-16 16:43:11',NULL,'Hook kicks (modern adaptions)',14,'https://www.youtube.com/watch?v=B6rQBdVg1KY?start=603',1,1,NULL),(238,'2018-07-16 16:43:45','2018-07-16 16:43:45',NULL,'Sling shot (modern adaptions)',14,'https://www.youtube.com/watch?v=B6rQBdVg1KY?start=614',1,1,NULL),(239,'2018-07-16 16:44:22','2018-07-16 16:44:22',NULL,'Stomping breaks (modern adaptions)',14,'https://www.youtube.com/watch?v=B6rQBdVg1KY?start=624',1,1,NULL),(240,'2018-07-16 16:45:01','2018-07-16 16:45:01',NULL,'Shag Swingout (modern adaptions)',14,'https://www.youtube.com/watch?v=B6rQBdVg1KY?start=630',1,1,NULL),(241,'2018-07-16 16:45:38','2018-07-16 16:45:55',NULL,'Peek-a-boo - 6 count (modern adaptions)',14,'https://www.youtube.com/watch?v=B6rQBdVg1KY?start=638',1,1,NULL),(243,'2018-08-20 11:36:56','2018-08-24 13:32:40',NULL,'Cucaracha',15,NULL,1,1,1),(268,'2018-08-26 12:35:39','2018-08-26 12:35:39',NULL,'MKPAYE',17,NULL,1,1,1),(244,'2018-08-20 11:41:56','2018-08-20 11:41:56',NULL,'Caja',15,'Box',1,1,1),(245,'2018-08-20 11:43:17','2018-08-20 12:11:14',NULL,'Mambo',15,'https://www.youtube.com/watch?v=N1TmlcbNZVw?start=112&end=118',1,1,1),(246,'2018-08-20 11:45:16','2018-08-20 11:45:16',NULL,'Guapea',15,'Open position basic\r\nhttps://www.youtube.com/watch?v=YwxB1MSytYA',1,1,1),(247,'2018-08-20 11:50:22','2018-08-20 12:07:19',NULL,'Paso Cubano',15,'https://www.youtube.com/watch?v=N1TmlcbNZVw?start=30&end=36',1,1,1),(248,'2018-08-20 11:54:13','2018-08-20 11:54:13',NULL,'Dile Que Si',15,NULL,1,1,1),(249,'2018-08-20 11:55:36','2018-08-20 11:55:36',NULL,'Right turn',15,NULL,1,1,1),(250,'2018-08-20 11:56:03','2018-08-20 11:56:03',NULL,'Right turn with hook',15,NULL,1,1,1),(251,'2018-08-20 11:57:02','2018-08-20 11:57:02',NULL,'Dile Que No',15,'https://www.youtube.com/watch?v=Jexcy9LGKjo',1,1,1),(252,'2018-08-20 12:00:10','2018-08-20 12:10:08',NULL,'Borracho',15,'Borracho means \"drunk\"',1,1,1),(253,'2018-08-20 12:13:46','2018-08-20 12:13:46',NULL,'Enchufla',15,'https://www.youtube.com/watch?v=3tUcawE0Bhs',1,1,1),(254,'2018-08-20 12:15:59','2018-08-20 12:15:59',NULL,'Enchufa /w leader\'s lower turn',15,NULL,1,1,1),(255,'2018-08-20 12:16:26','2018-08-20 12:16:26',NULL,'Left turn',15,NULL,1,1,1),(256,'2018-08-20 12:18:54','2018-08-20 12:18:54',NULL,'Enchufla Doble',15,'https://www.youtube.com/watch?v=6OxXNbCZmpA',1,1,1),(257,'2018-08-20 12:30:33','2018-08-20 12:30:33',NULL,'Exhibela',15,'https://www.youtube.com/watch?v=51lJ_32VRwc\r\nhttps://www.youtube.com/watch?v=4L8QCj1mulE',1,1,1),(258,'2018-08-20 12:47:58','2018-08-20 12:47:58',NULL,'Crucesa (?)',15,'Sort of like sirtaki',1,1,1),(259,'2018-08-20 12:49:11','2018-08-20 12:49:11',NULL,'Setenta',15,'https://www.youtube.com/watch?v=_B55w-0o0qw',1,1,1),(260,'2018-08-20 12:53:36','2018-08-20 12:53:36',NULL,'Sombrero',15,'https://www.youtube.com/watch?v=pY_sGnB_sTc',1,1,1),(261,'2018-08-21 06:04:38','2018-08-21 06:04:38',NULL,'Brazo Partido',15,'https://www.youtube.com/watch?v=MNSpsPHR47I',1,1,1),(262,'2018-08-22 11:10:47','2018-08-22 11:10:47',NULL,'Basic',6,'https://www.youtube.com/watch?v=H1l8ADmup2U?stop=70',1,1,1),(263,'2018-08-23 06:27:30','2018-08-23 06:27:30',NULL,'Ni Pa\'ti Ni Pa\'mi',5,'https://www.youtube.com/watch?v=WrxhVnGwMrU',1,1,1),(264,'2018-08-23 14:06:44','2018-08-23 14:06:44',NULL,'TANGO (Aerials)',3,'https://www.youtube.com/watch?v=kFTEcXyHGn8?start=92&end=127',1,1,1),(265,'2018-08-23 14:09:35','2018-08-23 14:11:53',NULL,'Guy\'s Slide from free spin tuck turn (Aerials)',3,'https://www.youtube.com/watch?v=kFTEcXyHGn8?start=126&end=164',1,1,1),(266,'2018-08-23 14:17:08','2018-08-23 14:17:08',NULL,'Kaye Dip (Aerials)',3,'https://www.youtube.com/watch?v=kFTEcXyHGn8?start=164&end=185',1,1,1),(267,'2018-08-23 14:19:56','2018-08-23 14:19:56',NULL,'Fallback with eggbeater into jig kicks (Aerials)',3,'https://www.youtube.com/watch?v=kFTEcXyHGn8?start=183',1,1,1),(269,'2018-08-26 12:43:49','2018-08-26 12:43:49',NULL,'Sangra',17,NULL,2,1,1),(270,'2018-08-26 21:44:34','2018-08-26 21:44:34',NULL,'La Base',18,NULL,1,1,1),(271,'2018-08-27 06:11:14','2018-08-27 06:11:14',NULL,'El 8 Adante',18,NULL,1,1,1),(272,'2018-08-27 06:12:29','2018-08-27 06:12:29',NULL,'El Ocho Atras',18,NULL,1,1,1),(273,'2018-08-27 06:17:25','2018-08-27 06:17:25',NULL,'Basic Side-to-Side',16,NULL,1,1,1),(274,'2018-08-27 06:22:09','2018-08-27 06:22:09',NULL,'Basic  Forward and Back',16,NULL,1,1,1),(275,'2018-08-27 06:23:58','2018-08-27 06:23:58',NULL,'Basic Forward Back Progressive',16,NULL,1,1,1),(276,'2018-08-28 12:16:17','2018-08-29 07:18:33',NULL,'Gwara Gwara',17,NULL,1,1,1),(277,'2018-08-28 12:27:50','2018-08-28 12:27:50',NULL,'The Running Man',19,NULL,1,1,1),(278,'2018-08-28 12:31:02','2018-08-28 12:31:02',NULL,'The Side step',19,NULL,1,1,1),(279,'2018-08-28 12:33:21','2018-08-28 12:33:21',NULL,'Spins',19,NULL,1,1,1),(280,'2018-08-29 05:37:29','2018-08-29 05:37:29',NULL,'El Sanguchito',18,NULL,1,1,1),(281,'2018-08-29 05:39:41','2018-08-29 05:39:41',NULL,'Media Luna',18,NULL,1,1,1),(282,'2018-08-29 05:41:08','2018-08-29 05:41:08',NULL,'Cambio de Ferente',18,NULL,1,1,1),(283,'2018-08-29 05:42:26','2018-08-29 05:42:26',NULL,'8 Con Sacada',18,NULL,1,1,1),(284,'2018-08-29 05:43:58','2018-08-29 05:43:58',NULL,'Recule en 5',18,NULL,1,1,1),(285,'2018-08-29 05:47:04','2018-08-29 05:47:04',NULL,'La Caida Sombre La Mujer',18,NULL,1,1,1),(286,'2018-08-29 05:48:16','2018-08-29 05:48:16',NULL,'Giro con Rulo',18,NULL,1,1,1),(287,'2018-08-29 05:53:24','2018-08-29 05:53:24',NULL,'Sanguche con Gancho',18,NULL,1,1,1),(288,'2018-08-29 05:56:11','2018-08-29 05:56:11',NULL,'Rulo con Sacada y Castigada',18,NULL,1,1,1),(289,'2018-08-29 05:58:46','2018-08-29 05:58:46',NULL,'Giros',18,NULL,1,1,1),(290,'2018-08-29 06:00:33','2018-08-29 06:00:33',NULL,'Sacada',18,NULL,1,1,1),(291,'2018-08-29 06:02:42','2018-08-29 06:02:42',NULL,'Boleo',18,NULL,1,1,1),(292,'2018-08-29 06:03:21','2018-08-29 06:03:21',NULL,'Gancho',18,NULL,1,1,1),(293,'2018-08-29 06:06:04','2018-08-29 06:06:04',NULL,'La Barrida',18,NULL,1,1,1),(294,'2018-08-29 06:07:28','2018-08-29 06:07:28',NULL,'Triple Arrastre',18,NULL,1,1,1),(295,'2018-08-29 07:36:21','2018-08-29 08:08:02',NULL,'Swag Walk (placeholder name)',17,'I do not know what this step is called, so I gave it a temporary name',1,1,1),(296,'2018-08-29 08:35:29','2018-08-29 08:35:29',NULL,'Neza',17,NULL,1,1,1),(297,'2019-03-14 11:37:22','2019-03-14 11:37:22',NULL,'Down-hold basic (Simple basic)',20,NULL,1,1,1),(298,'2019-03-19 09:18:33','2019-03-19 09:18:33',NULL,'Uphold basic',20,NULL,1,1,1),(299,'2019-03-19 09:24:14','2019-03-19 09:24:14',NULL,'Come around',20,'This is very important step in Balboa as it is used to enter into and exit many steps.',1,1,1),(300,'2019-03-19 09:24:40','2019-03-19 09:24:40',NULL,'Lollies',20,NULL,1,1,1),(301,'2019-03-19 09:39:18','2019-03-19 09:39:18',NULL,'Crossovers',20,NULL,1,1,1),(302,'2019-03-19 09:43:38','2019-03-19 09:43:38',NULL,'Tossout',20,NULL,1,1,1),(303,'2019-03-19 10:02:34','2019-03-19 10:02:34',NULL,'Drags',20,NULL,1,1,1),(304,'2019-03-19 10:43:35','2019-03-19 10:43:35',NULL,'Pop Turns',20,NULL,1,1,1),(305,'2019-03-19 10:51:33','2019-03-19 10:51:33',NULL,'Roll Outs',20,NULL,1,1,1),(306,'2019-03-19 11:15:36','2019-03-19 11:15:36',NULL,'Hug me Apache',20,NULL,1,1,1),(307,'2019-03-19 11:27:03','2019-03-19 11:27:03',NULL,'Snap Turn',20,NULL,1,1,1),(308,'2019-03-19 11:56:40','2019-03-19 11:56:40',NULL,'Serpentine',20,NULL,1,1,1),(309,'2019-03-19 11:58:18','2019-03-19 11:58:18',NULL,'Balboa Circles',20,NULL,1,1,1),(310,'2019-04-09 08:19:25','2019-04-09 08:19:25',NULL,'Virgula',21,NULL,1,1,1),(311,'2019-04-09 09:39:30','2019-04-09 09:39:30',NULL,'Saida Men',21,NULL,1,1,1),(312,'2019-04-09 09:43:02','2019-04-09 09:43:02',NULL,'Saida Women',21,NULL,1,1,1),(313,'2019-04-09 09:54:20','2019-04-09 09:54:20',NULL,'Basic 2',21,NULL,1,1,1),(314,'2019-04-09 09:55:58','2019-04-09 09:55:58',NULL,'Basic 1',21,NULL,1,1,1),(315,'2019-04-09 09:59:13','2019-04-09 09:59:13',NULL,'Basic 3',21,NULL,1,1,1),(316,'2019-05-23 03:35:47','2019-05-23 03:35:47',NULL,'Cuddle',3,NULL,1,1,1),(317,'2019-05-23 04:58:36','2019-05-23 04:58:36',NULL,'23.05.2019',3,NULL,3,1,1),(318,'2019-05-23 07:54:51','2019-05-23 07:54:51',NULL,'Slingshot',3,NULL,3,1,1),(319,'2019-05-23 07:58:42','2019-05-23 07:58:42',NULL,'Barrel Rolls',3,NULL,2,1,1),(320,'2019-05-23 08:09:18','2019-05-23 08:10:28',NULL,'Click-Clicks',3,NULL,1,1,1),(321,'2019-05-24 02:30:32','2019-10-03 05:39:32',NULL,'Bella',10,NULL,1,1,1),(322,'2019-06-10 04:31:45','2019-06-10 04:31:45',NULL,'Pretzel, The',3,'Facing each other, lead your partner toward you with her right foot and walk her through your arms. Put your partners right hand over your head and push through with the other hand to change places.',3,1,1),(324,'2019-07-01 10:42:46','2019-07-01 10:42:46',NULL,'Pirouette turns',3,NULL,2,1,1),(325,'2019-07-01 12:24:55','2019-07-01 12:24:55',NULL,'Change of places hammer lock',3,NULL,2,1,1),(326,'2019-07-01 12:34:29','2019-07-01 12:34:29',NULL,'Carwash sendout',3,NULL,3,1,1),(327,'2019-07-01 12:42:04','2019-07-01 12:42:04',NULL,'YoYo',3,NULL,2,1,1),(328,'2019-07-01 16:24:05','2019-07-01 16:24:05',NULL,'Swingout with redirection',3,NULL,3,1,1),(329,'2019-11-18 11:29:48','2019-11-18 11:29:48',NULL,'Spot Turn Cowboy Style (8 count)',3,NULL,3,1,1),(330,'2019-11-18 11:36:41','2019-11-18 11:36:41',NULL,'Groucho',3,NULL,1,1,1);
/*!40000 ALTER TABLE `steps` ENABLE KEYS */;
UNLOCK TABLES;

--
-- Table structure for table `timeline_items`
--

DROP TABLE IF EXISTS `timeline_items`;
/*!40101 SET @saved_cs_client     = @@character_set_client */;
/*!50503 SET character_set_client = utf8mb4 */;
CREATE TABLE `timeline_items` (
  `id` int(10) unsigned NOT NULL AUTO_INCREMENT,
  `created_at` timestamp NULL DEFAULT NULL,
  `updated_at` timestamp NULL DEFAULT NULL,
  `subject_id` int(11) NOT NULL,
  `subject_type` varchar(191) COLLATE utf8mb4_unicode_ci NOT NULL,
  `name` varchar(191) COLLATE utf8mb4_unicode_ci NOT NULL,
  `user_id` int(11) NOT NULL,
  PRIMARY KEY (`id`),
  KEY `timeline_items_subject_id_index` (`subject_id`),
  KEY `timeline_items_subject_type_index` (`subject_type`),
  KEY `timeline_items_user_id_index` (`user_id`)
) ENGINE=InnoDB DEFAULT CHARSET=utf8mb4 COLLATE=utf8mb4_unicode_ci;
/*!40101 SET character_set_client = @saved_cs_client */;

--
-- Dumping data for table `timeline_items`
--

LOCK TABLES `timeline_items` WRITE;
/*!40000 ALTER TABLE `timeline_items` DISABLE KEYS */;
/*!40000 ALTER TABLE `timeline_items` ENABLE KEYS */;
UNLOCK TABLES;

--
-- Table structure for table `users`
--

DROP TABLE IF EXISTS `users`;
/*!40101 SET @saved_cs_client     = @@character_set_client */;
/*!50503 SET character_set_client = utf8mb4 */;
CREATE TABLE `users` (
  `id` int(10) unsigned NOT NULL AUTO_INCREMENT,
  `name` varchar(255) COLLATE utf8_unicode_ci NOT NULL,
  `email` varchar(255) COLLATE utf8_unicode_ci NOT NULL,
  `password` varchar(255) COLLATE utf8_unicode_ci NOT NULL,
  `remember_token` varchar(100) COLLATE utf8_unicode_ci DEFAULT NULL,
  `created_at` timestamp NULL DEFAULT NULL,
  `updated_at` timestamp NULL DEFAULT NULL,
  `spotify_token` varchar(255) COLLATE utf8_unicode_ci DEFAULT NULL,
  `spotify_refresh_token` varchar(255) COLLATE utf8_unicode_ci DEFAULT NULL,
  `reputation` int(11) NOT NULL DEFAULT 0,
  `gold` int(11) NOT NULL DEFAULT 0,
  `silver` int(11) NOT NULL DEFAULT 0,
  `bronze` int(11) NOT NULL DEFAULT 0,
  PRIMARY KEY (`id`),
  UNIQUE KEY `users_email_unique` (`email`)
) ENGINE=MyISAM AUTO_INCREMENT=519 DEFAULT CHARSET=utf8 COLLATE=utf8_unicode_ci;
/*!40101 SET character_set_client = @saved_cs_client */;

--
-- Dumping data for table `users`
--

LOCK TABLES `users` WRITE;
/*!40000 ALTER TABLE `users` DISABLE KEYS */;
INSERT INTO `users` VALUES (1,'Edmunds','edmunds.sulzanoks@gmail.com','$2y$10$Z9l8s33rRa7iwbyF.WtVL.25caRHyg/cZO0CcGcFcTRPniyu3UZyu','P5LIY3q6tgxY9Poy95Ihdkssi4fKvwqmE4gKg8SU9OsQEkK0H8WI9nJb1vWV','2017-03-28 11:02:19','2023-09-29 15:13:25','BQBp8xbNmqykYr86WjRuZpRxSzhwW6C_eF_nuOwqVH3PMXplHD3l4JGMG3aJkwoJ55NGvugo7ptOUZr-0127Sn0f3osfDFZCKLPNPqPTGdAJVFupG8TiKbpWo3UCDpUTH6mi8vnv6dRHSshfN44x0-jUAP1R6-NF-VeSgc9INOKnt9G_wML4Ky98pEQ_4DC1gsr5t4Aq8EA','AQDIRbd6nmlPJRVGaP_827_gKUQBOrWrzMWDyqTnvwwBX4rTzL7vO5NW3pkYggcUk9BGMHNPr5KzHJE-a2o4StTocOE0Q227BaFSNzrksfaETl-zGRIrxDvdLgwNDbB8w8E',0,0,0,0),(2,'Airita','airita.ergle@gmail.com','$2y$10$yKYjuaxpTliPM2LZedvN7uFAUzDy67tCdX/.cGxwVGGmST2Kt.Krm',NULL,'2017-03-30 09:02:07','2017-03-30 09:02:07',NULL,NULL,0,0,0,0),(3,'Mb','mbraza90@gmail.com','$2y$10$fFLnPsO7xzQlhokznLgMbeItYKNa3P5H/cP.WjldGH1jSLRWbR9qm',NULL,'2017-03-30 17:55:43','2017-03-30 17:55:43',NULL,NULL,0,0,0,0),(4,'Zane','zaneveja@gmail.com','$2y$10$KarBTtGiLreyY/IlCalEjOf0sdWNgsEtgzFeEw0scPmxTWjXDf08i',NULL,'2017-03-30 19:59:07','2017-03-30 19:59:07',NULL,NULL,0,0,0,0),(5,'Alberts','alberts.aigars@gmail.com','$2y$10$c320Mkq4sQlR2n7APnuYI.CAPuFsVFgvDvboPAKtmfMIKznUwC/E2','FF2IRCJ4VAd4jtKlF8LCKlHzWo8RdCB2B8sgigAivBWgXJD4UV5jZB4AhBMu','2017-03-30 20:08:04','2017-03-30 20:18:50',NULL,NULL,0,0,0,0),(6,'Kristaps','k.dzenis@inbox.lv','$2y$10$Jrp6bIcNDvbybANIG0h4H.tabztDQ9K5vxKg1ILT5BxMCZXgWS5Tq',NULL,'2017-03-30 20:42:50','2017-03-30 20:42:50',NULL,NULL,0,0,0,0),(7,'Elīna','elina.bertule@gmail.com','$2y$10$Y0d6LNTaq3RLhku2KW7WzuWnZ5M/cs1pJud5sLq8CJZ2r1lSt92XG','Axx6Qd56lcwUjCFuI3Xu53KrXLCTIDsbZMxYld09S5gZM1rYIfs5wy4NWDRP','2017-03-30 20:53:01','2017-03-31 04:24:54',NULL,NULL,0,0,0,0),(8,'Juris','juris@benefits.lv','$2y$10$Ijf8JGD5xn5Hx/8SqoVsw.7DaJtgxjnVHNrAcKGQ4QUkKc2dB3kIa',NULL,'2017-04-10 21:07:55','2017-04-10 21:07:55',NULL,NULL,0,0,0,0),(9,'Jānis','janis.urbins@gmail.com','$2y$10$KUh/Xtc2EXofKsbmCma3BuXdTs9hxn/TViSg5NAUROxE6DIvkfzMG',NULL,'2018-02-26 22:45:14','2018-02-26 22:45:14',NULL,NULL,0,0,0,0);
/*!40000 ALTER TABLE `users` ENABLE KEYS */;
UNLOCK TABLES;

--
-- Table structure for table `videos`
--

DROP TABLE IF EXISTS `videos`;
/*!40101 SET @saved_cs_client     = @@character_set_client */;
/*!50503 SET character_set_client = utf8mb4 */;
CREATE TABLE `videos` (
  `id` int(10) unsigned NOT NULL AUTO_INCREMENT,
  `created_at` timestamp NULL DEFAULT NULL,
  `updated_at` timestamp NULL DEFAULT NULL,
  `title` varchar(255) COLLATE utf8_unicode_ci NOT NULL,
  `video_id` varchar(255) COLLATE utf8_unicode_ci NOT NULL,
  `parent_class` varchar(255) COLLATE utf8_unicode_ci NOT NULL,
  `parent_id` int(11) NOT NULL,
  `type` int(11) NOT NULL,
  `created_by` int(10) unsigned DEFAULT NULL,
  `updated_by` int(10) unsigned DEFAULT NULL,
  `deleted_by` int(10) unsigned DEFAULT NULL,
  `start` int(11) DEFAULT NULL,
  `end` int(11) DEFAULT NULL,
  PRIMARY KEY (`id`)
) ENGINE=MyISAM AUTO_INCREMENT=115 DEFAULT CHARSET=utf8 COLLATE=utf8_unicode_ci;
/*!40101 SET character_set_client = @saved_cs_client */;

--
-- Dumping data for table `videos`
--

LOCK TABLES `videos` WRITE;
/*!40000 ALTER TABLE `videos` DISABLE KEYS */;
INSERT INTO `videos` VALUES (7,'2017-06-01 12:36:44','2017-06-01 12:36:44','T-Rex does the Big Apple','2pZ2zI86B4E','Choreography',4,2,NULL,NULL,NULL,NULL,NULL),(2,'2017-04-09 20:22:31','2017-04-09 20:22:31','Pamācība','e2Ndy58zcYQ','Choreography',3,1,NULL,NULL,NULL,NULL,NULL),(3,'2017-04-10 20:53:45','2017-04-10 20:53:45','Shim Sham ','_I4GooehUuA','Choreography',1,1,NULL,NULL,NULL,NULL,NULL),(4,'2017-04-10 20:59:46','2017-04-10 20:59:46','Jitterbug Stroll','tu1nY7MR1uM','Choreography',2,1,NULL,NULL,NULL,NULL,NULL),(8,'2017-06-02 05:56:40','2017-06-02 05:56:40','Harlemshots','E37mb1QROIw','Choreography',4,2,NULL,NULL,NULL,NULL,NULL),(6,'2017-06-01 10:50:34','2017-06-01 10:50:34','With counts','C444gS8IcIk','Choreography',4,1,NULL,NULL,NULL,NULL,NULL),(9,'2017-09-21 10:20:11','2017-09-21 10:20:11','Pirmais video','TUtVJgA1nXE','Choreography',7,1,NULL,NULL,NULL,NULL,NULL),(10,'2017-10-31 12:16:22','2017-10-31 12:16:22','Uzstāšanās Moonshine','YTBhAll1dw4','Choreography',6,2,NULL,NULL,NULL,NULL,NULL),(11,'2017-10-31 12:22:29','2017-10-31 12:22:29','Uzlaiduma priekšnesums','1AI6AFNXKn0','Choreography',8,2,NULL,NULL,NULL,NULL,NULL),(12,'2017-11-05 18:15:58','2017-11-05 18:15:58','Treniņš','80b8Dk1WVw4','Choreography',8,3,NULL,NULL,NULL,NULL,NULL),(13,'2017-11-07 11:32:48','2017-11-07 11:32:48','Recap','JBU0a2XgWLQ','Choreography',9,1,NULL,NULL,NULL,NULL,NULL),(15,'2017-11-07 11:44:03','2017-11-07 11:44:03','Recap','HoAkcm_dzFo','Choreography',11,1,NULL,NULL,NULL,NULL,NULL),(16,'2017-11-07 12:28:44','2017-11-07 12:28:44','Recap','AACn8ZbnzoY','Choreography',12,1,NULL,NULL,NULL,NULL,NULL),(17,'2017-11-07 12:40:52','2017-11-07 12:40:52','Recap','q8AmDCyhvoM','Choreography',13,1,NULL,NULL,NULL,NULL,NULL),(18,'2017-11-07 12:47:22','2017-11-07 12:47:22','Autora demo','k2QIRKq5mVk','Choreography',14,3,NULL,NULL,NULL,NULL,NULL),(19,'2017-11-14 21:32:39','2017-11-14 21:32:39','Bluesila 2017','Oyfv1Ggk5KE','Choreography',15,3,NULL,NULL,NULL,NULL,NULL),(20,'2017-11-14 21:38:18','2017-11-14 21:38:18','Swingfest2017','PL5m9IAqe7A','Choreography',15,1,NULL,NULL,NULL,NULL,NULL),(21,'2017-12-11 16:32:21','2017-12-11 16:32:21','temp','iO34ClgHIAg','Choreography',16,1,NULL,NULL,NULL,NULL,NULL),(22,'2017-12-14 16:18:35','2017-12-14 16:18:35','demo','A4Q-Rx6H7sw','Choreography',17,1,NULL,NULL,NULL,NULL,NULL),(23,'2017-12-16 10:54:08','2017-12-16 10:54:08','treniņš','jvxtP0WY96A','Choreography',16,1,NULL,NULL,NULL,NULL,NULL),(24,'2018-08-24 13:33:01','2018-08-24 13:33:01','Instructional video','gNp_DmcOJcU','Step',243,1,1,1,NULL,NULL,NULL),(25,'2018-08-24 13:39:38','2018-08-24 13:39:57','Leg movement demo','yqFxSCCxEdA','Step',243,1,1,1,NULL,NULL,NULL),(26,'2018-08-26 11:07:02','2018-08-26 11:07:02','Tutorial with Sherrie Silver','Q_Slhxjp3tU','Choreography',18,1,1,1,NULL,NULL,NULL),(27,'2018-08-26 11:07:48','2018-08-26 11:07:48','Performance from Paris','CLVH0BJ_AJg','Choreography',18,2,1,1,NULL,NULL,NULL),(28,'2018-08-26 11:23:46','2018-08-26 11:23:46','Oficial music video','VYOjWnS4cMY','Choreography',19,1,1,1,NULL,NULL,NULL),(29,'2018-08-26 12:38:53','2018-08-26 12:38:53','Instructional from Inés Sibylle','77bROwEZdA0','Step',268,1,1,1,NULL,41,102),(30,'2018-08-26 12:45:53','2018-08-26 12:45:53','Instructional','ZVgFFQh2PVo','Step',269,1,1,1,NULL,42,112),(31,'2018-08-26 21:45:43','2018-08-27 06:08:45','Tango City 01','iNkA8e1BC-Q','Step',270,1,1,1,NULL,NULL,NULL),(32,'2018-08-27 06:11:37','2018-08-27 06:11:37','Tango City 02','YkZLdAoNcqY','Step',271,1,1,1,NULL,NULL,NULL),(33,'2018-08-27 06:12:50','2018-08-27 06:12:50','Tango City 03','07MJwTeBh5k','Step',272,1,1,1,NULL,NULL,NULL),(34,'2018-08-27 06:14:57','2018-08-27 06:14:57','Emiliano Delau','a6S4sihM89U','Step',272,1,1,1,NULL,NULL,NULL),(35,'2018-08-27 06:17:47','2018-08-27 06:17:47','How cast','dhHGdBBF7Xk','Step',273,1,1,1,NULL,NULL,NULL),(36,'2018-08-27 06:22:27','2018-08-27 06:22:37','iASO Records','TJGfUGUoZe0','Step',274,1,1,1,NULL,NULL,52),(37,'2018-08-27 06:25:01','2018-08-27 06:25:01','iASO Records','TJGfUGUoZe0','Step',275,1,1,1,NULL,53,100),(38,'2018-08-28 12:18:38','2018-08-28 14:00:57','Sherrie Silver instructional','9wBiZtW77AE','Step',276,1,1,1,NULL,33,145),(39,'2018-08-28 12:29:30','2018-08-28 12:30:11','Evelina Instructional','RECaepj8LkU','Step',277,1,1,1,NULL,49,76),(40,'2018-08-28 12:32:03','2018-08-28 12:32:35','Evelina Instructional','RECaepj8LkU','Step',278,1,1,1,NULL,76,96),(41,'2018-08-28 12:34:32','2018-08-28 12:35:09','Evelina Instructional','RECaepj8LkU','Step',279,1,1,1,NULL,94,133),(42,'2018-08-29 05:38:04','2018-08-29 05:38:04','Tango City 05','869VZyRB6dE','Step',280,1,1,1,NULL,NULL,NULL),(43,'2018-08-29 05:40:23','2018-08-29 05:40:23','Tango City 05','JMGcEEJG0Wg','Step',281,1,1,1,NULL,NULL,NULL),(44,'2018-08-29 05:41:26','2018-08-29 05:41:26','Tango City 06','oijpI0s_R04','Step',282,1,1,1,NULL,NULL,NULL),(45,'2018-08-29 05:42:54','2018-08-29 05:42:54','Tango City 07','EKO56ObMg5M','Step',283,1,1,1,NULL,NULL,NULL),(46,'2018-08-29 05:44:35','2018-08-29 05:45:14','Tango City 08','s-RRq8DzucU','Step',284,1,1,1,NULL,NULL,NULL),(47,'2018-08-29 05:47:22','2018-08-29 05:47:22','Tango City 09','7LkHBg_eAfU','Step',285,1,1,1,NULL,NULL,NULL),(48,'2018-08-29 05:48:38','2018-08-29 05:48:38','Tango City 10','qQbZhC7P1LA','Step',286,1,1,1,NULL,NULL,NULL),(49,'2018-08-29 05:53:42','2018-08-29 05:53:42','Tango City 11','WrOj6xlD92k','Step',287,1,1,1,NULL,NULL,NULL),(50,'2018-08-29 05:56:32','2018-08-29 05:56:32','Tango City 12','QImdDyHOUO4','Step',288,1,1,1,NULL,NULL,NULL),(51,'2018-08-29 05:57:06','2018-08-29 05:57:06','How cast','fppnCJuw5cY','Step',281,1,1,1,NULL,NULL,NULL),(52,'2018-08-29 05:59:12','2018-08-29 05:59:12','How cast','bnkO0slLSyw','Step',289,1,1,1,NULL,NULL,NULL),(53,'2018-08-29 06:01:31','2018-08-29 06:01:31','How cast','zsiG6syustM','Step',290,1,1,1,NULL,NULL,NULL),(54,'2018-08-29 06:02:53','2018-08-29 06:02:53','How cast','xOYbtIQ2tSA','Step',291,1,1,1,NULL,NULL,NULL),(55,'2018-08-29 06:03:37','2018-08-29 06:03:37','How cast','zB_3pDRI-FU','Step',292,1,1,1,NULL,NULL,NULL),(56,'2018-08-29 06:04:55','2018-08-29 06:04:55','How cast','EVcn8N-YxtI','Step',272,1,1,1,NULL,NULL,NULL),(57,'2018-08-29 06:06:47','2018-08-29 06:06:47','How cast','ZcnXRkxRJ3c','Step',293,1,1,1,NULL,NULL,NULL),(58,'2018-08-29 06:07:49','2018-08-29 06:07:49','How cast','ivY7-lO-znk','Step',294,1,1,1,NULL,NULL,NULL),(59,'2018-08-29 07:19:02','2018-08-29 07:19:02','OkayAfrica Instructional','exLc0HjDhzY','Step',276,1,1,1,NULL,NULL,NULL),(60,'2018-08-29 07:39:29','2018-08-29 07:39:29','Sherrie Silver instructional','9wBiZtW77AE','Step',295,1,1,1,NULL,145,241),(61,'2018-08-29 08:38:06','2018-08-29 08:38:06','Sherrie Silver instructional','9wBiZtW77AE','Step',296,1,1,1,NULL,239,347),(62,'2018-09-25 17:21:20','2018-09-25 17:21:20','SWING MANIACS','1QFzCnoStr0','Choreography',20,2,1,1,NULL,NULL,NULL),(63,'2019-03-19 09:19:31','2019-03-19 09:19:31','uphold basic footwork up close by RWAswing','ds9zzJL5M5Y','Step',298,1,1,1,NULL,NULL,NULL),(64,'2019-03-19 09:26:34','2019-03-19 09:26:34','Groove Juice Swing','vVIud-_nz3M','Step',300,1,1,1,NULL,80,NULL),(65,'2019-03-19 09:40:24','2019-03-19 09:41:46','Groove Juice Swing','G8A4HUgLgXs','Step',301,1,1,1,NULL,41,85),(66,'2019-03-19 09:47:25','2019-03-19 09:48:15','Groove Juice Swing','G8A4HUgLgXs','Step',302,1,1,1,NULL,86,122),(67,'2019-03-19 10:03:58','2019-03-19 10:03:58','Groove Juice Swing','G8A4HUgLgXs','Step',303,1,1,1,NULL,122,NULL),(68,'2019-03-19 10:44:46','2019-03-19 10:44:46','SimonAndTash','5j2tZ6bKAqA','Step',304,1,1,1,NULL,173,192),(69,'2019-03-19 11:07:36','2019-03-19 11:07:36','SimonAndTash','5j2tZ6bKAqA','Step',305,1,1,1,NULL,192,274),(70,'2019-03-19 11:22:07','2019-03-19 11:22:07','Erik & Sylvia Skylar','dt3x4uHfQps','Step',306,1,1,1,NULL,500,960),(71,'2019-03-19 11:27:35','2019-03-19 11:27:55','Erik & Sylvia Skylar','dt3x4uHfQps','Step',307,1,1,1,NULL,964,NULL),(72,'2019-03-19 11:57:11','2019-03-19 11:57:11','Erik & Sylvia Skylar','CKx2cjfriHo','Step',308,1,1,1,NULL,344,NULL),(73,'2019-03-19 11:58:56','2019-03-19 11:59:18','Erik & Sylvia Skylar','CKx2cjfriHo','Step',309,1,1,1,NULL,12,344),(74,'2019-04-09 08:20:07','2019-04-09 08:20:07','Packndance','gQaYRkfPIUc','Step',310,1,1,1,NULL,NULL,NULL),(75,'2019-04-09 09:40:08','2019-04-09 09:40:33','Online Kizomba School','hG4qXxmKs6A','Step',311,1,1,1,NULL,NULL,NULL),(76,'2019-04-09 09:43:37','2019-04-09 09:43:37','Online Kizomba School','_2a2B3wE8VA','Step',312,1,1,1,NULL,NULL,NULL),(77,'2019-04-09 09:54:41','2019-04-09 09:54:41','Online Kizomba School','QFT2owqQ0uw','Step',313,1,1,1,NULL,NULL,NULL),(78,'2019-04-09 09:56:19','2019-04-09 09:56:19','Kizomba Harmony','mvhR2K8f-_0','Step',314,1,1,1,NULL,NULL,NULL),(79,'2019-04-09 09:57:51','2019-04-09 09:57:51','Online Kizomba School','cIZyCFXFYZY','Step',314,1,1,1,NULL,NULL,NULL),(80,'2019-05-23 03:36:17','2019-05-23 03:36:17','iLindy by Kevin and Jo','oFUxi1wDSUM','Step',316,1,1,1,NULL,NULL,NULL),(81,'2019-05-23 04:59:10','2019-05-23 04:59:10','Cool Move!','6Svj3jP74LY','Step',317,1,1,1,NULL,NULL,NULL),(82,'2019-05-23 07:55:50','2019-05-23 07:55:50','JazzMAD London','7HGrjQjNgfM','Step',318,1,1,1,NULL,23,38),(83,'2019-05-23 08:00:25','2019-05-23 08:00:25','JazzMAD London','7HGrjQjNgfM','Step',319,1,1,1,NULL,37,50),(84,'2019-05-23 08:01:47','2019-05-23 08:01:47','itsaboutmomentum','3vG3qcjKYmU','Step',319,1,1,1,NULL,NULL,NULL),(85,'2019-05-23 08:12:09','2019-05-23 08:12:20','JazzMAD London','O58QEIfgXyc','Step',320,1,1,1,NULL,11,28),(86,'2019-05-23 08:16:40','2019-05-23 08:16:40','JazzMAD London (Sharon)','7HGrjQjNgfM','Step',320,1,1,1,NULL,48,72),(87,'2019-06-10 04:32:12','2019-06-10 04:32:12','Janson Media','4I21YNdytjc','Step',322,1,1,1,NULL,NULL,NULL),(88,'2019-06-10 04:33:13','2019-06-10 04:33:13','swinginstyle','z8QFWZTRqo4','Step',322,1,1,1,NULL,NULL,NULL),(89,'2019-06-10 04:34:29','2019-06-10 04:34:29','Street Smart Swing','gMvm0BKByPQ','Step',322,1,1,1,NULL,NULL,NULL),(90,'2019-06-10 04:39:38','2019-06-10 04:39:38','headoverheelsdance','tOqEYQYeUcY','Step',322,1,1,1,NULL,NULL,NULL),(91,'2019-06-10 04:55:26','2019-06-10 04:55:26','Groove Juice Swing','mLkkUDXE65Y','Step',319,1,1,1,NULL,NULL,60),(92,'2019-06-10 04:57:21','2019-06-10 04:58:01','Swinglandia 2017, JB','d7Ez_DuzWFg','Step',99,1,1,1,NULL,NULL,80),(93,'2019-06-11 02:44:41','2019-06-11 02:44:41','to closed position','_4V_g--EA9M','Step',323,1,1,1,NULL,14,22),(94,'2019-06-11 02:45:59','2019-06-11 02:45:59','to crosshand','_4V_g--EA9M','Step',323,1,1,1,NULL,22,36),(95,'2019-06-11 02:47:10','2019-06-11 02:47:10','to spin reverse','_4V_g--EA9M','Step',323,1,1,1,NULL,35,52),(96,'2019-07-01 10:44:58','2019-07-01 10:44:58','swinginstyle','7muJdVvTiTI','Step',324,1,1,1,NULL,NULL,50),(97,'2019-07-01 12:25:37','2019-07-01 12:25:37','swinginstyle','7muJdVvTiTI','Step',325,1,1,1,NULL,53,NULL),(98,'2019-07-01 12:36:29','2019-07-01 12:36:29','SeokJoo Park','GMFs7qQzzwY','Step',326,1,1,1,NULL,NULL,NULL),(99,'2019-07-01 12:42:52','2019-07-01 12:42:52','Basic','aU3n9shv1Ls','Step',327,1,1,1,NULL,NULL,NULL),(100,'2019-07-01 12:46:35','2019-07-01 12:46:35','Loop The Loop YoYo','Jp5S4wysAjg','Step',327,1,1,1,NULL,NULL,NULL),(101,'2019-07-01 16:26:02','2019-07-01 16:26:02','aliandkatja','BFXFdRiUWJg','Step',328,1,1,1,NULL,NULL,NULL),(102,'2019-09-11 05:24:02','2019-09-11 05:24:02','By Peter Flahiff','5VGcZVHeudk','Choreography',21,1,1,1,NULL,NULL,NULL),(103,'2019-09-30 16:45:48','2019-09-30 16:45:48','How Cast','m5VxNV9_Rnk','Step',319,1,1,1,NULL,NULL,NULL),(104,'2019-10-03 04:07:32','2019-10-03 04:07:32','Collegiate Shag Lexicon','B6rQBdVg1KY','Step',198,1,1,1,NULL,252,258),(105,'2019-10-03 05:56:27','2019-10-03 05:56:27','jalestro dances','TlUwWjbyeN0','Step',149,1,1,1,NULL,NULL,NULL),(106,'2019-10-03 05:56:57','2019-10-03 05:56:57','jalestro dances','TlUwWjbyeN0','Step',150,1,1,1,NULL,NULL,NULL),(107,'2019-11-18 11:30:16','2019-11-18 11:30:16','Expert Village','cScyH3S-2q8','Step',329,1,1,1,NULL,NULL,NULL),(108,'2019-11-18 11:38:34','2019-11-18 11:38:34','swinginstyle','Nu58zCFpIxw','Step',330,1,1,1,NULL,17,39),(112,'2023-08-31 04:35:41','2023-08-31 04:35:41','Alberto & Smiltys','zH2yLu-S-LI','Choreography',22,2,1,1,NULL,NULL,NULL),(111,'2023-08-30 04:26:32','2023-08-30 04:26:32','HooLooVooPL','bFQpsZRbZJY','Step',48,1,1,1,NULL,NULL,NULL),(114,'2023-08-31 04:59:05','2023-08-31 04:59:05','Swing Planet','0WuJv5MXDr4','Choreography',22,2,1,1,NULL,NULL,NULL);
/*!40000 ALTER TABLE `videos` ENABLE KEYS */;
UNLOCK TABLES;

--
-- Table structure for table `weekly_challenges`
--

DROP TABLE IF EXISTS `weekly_challenges`;
/*!40101 SET @saved_cs_client     = @@character_set_client */;
/*!50503 SET character_set_client = utf8mb4 */;
CREATE TABLE `weekly_challenges` (
  `id` int(10) unsigned NOT NULL AUTO_INCREMENT,
  `created_at` timestamp NULL DEFAULT NULL,
  `updated_at` timestamp NULL DEFAULT NULL,
  `deleted_at` timestamp NULL DEFAULT NULL,
  `created_by` bigint(20) unsigned DEFAULT NULL,
  `updated_by` bigint(20) unsigned DEFAULT NULL,
  `deleted_by` bigint(20) unsigned DEFAULT NULL,
  `gold` bigint(20) unsigned DEFAULT NULL,
  `silver` bigint(20) unsigned DEFAULT NULL,
  `bronze` bigint(20) unsigned DEFAULT NULL,
  `name` varchar(191) COLLATE utf8mb4_unicode_ci NOT NULL,
  `description` text COLLATE utf8mb4_unicode_ci NOT NULL,
  `parent_type` varchar(191) COLLATE utf8mb4_unicode_ci DEFAULT NULL,
  `parent_id` bigint(20) unsigned DEFAULT NULL,
  `end` datetime NOT NULL,
  `status` int(11) NOT NULL,
  PRIMARY KEY (`id`)
) ENGINE=InnoDB AUTO_INCREMENT=2 DEFAULT CHARSET=utf8mb4 COLLATE=utf8mb4_unicode_ci;
/*!40101 SET character_set_client = @saved_cs_client */;

--
-- Dumping data for table `weekly_challenges`
--

LOCK TABLES `weekly_challenges` WRITE;
/*!40000 ALTER TABLE `weekly_challenges` DISABLE KEYS */;
INSERT INTO `weekly_challenges` VALUES (1,'2019-10-04 11:26:16','2019-10-04 11:26:16',NULL,NULL,NULL,NULL,NULL,NULL,NULL,'Afrobeat Challenge: Gwara Gwara','Let\'s start with something crazy!',NULL,276,'2019-12-31 17:25:56',1);
/*!40000 ALTER TABLE `weekly_challenges` ENABLE KEYS */;
UNLOCK TABLES;

--
-- Dumping routines for database 'dance'
--
/*!40103 SET TIME_ZONE=@OLD_TIME_ZONE */;

/*!40101 SET SQL_MODE=@OLD_SQL_MODE */;
/*!40014 SET FOREIGN_KEY_CHECKS=@OLD_FOREIGN_KEY_CHECKS */;
/*!40014 SET UNIQUE_CHECKS=@OLD_UNIQUE_CHECKS */;
/*!40101 SET CHARACTER_SET_CLIENT=@OLD_CHARACTER_SET_CLIENT */;
/*!40101 SET CHARACTER_SET_RESULTS=@OLD_CHARACTER_SET_RESULTS */;
/*!40101 SET COLLATION_CONNECTION=@OLD_COLLATION_CONNECTION */;
/*!40111 SET SQL_NOTES=@OLD_SQL_NOTES */;

-- Dump completed on 2024-11-03 21:52:14
